Date,Time,Open,High,Low,Close,Volume,OI
2022-12-30,15:00:00,32.35,32.35,32.35,32.35,0,0
2022-12-30,15:03:00,32.35,32.35,32.35,32.35,0,0
2022-12-30,15:06:00,32.35,32.35,32.35,32.35,0,0
2022-12-30,15:09:00,32.35,32.35,32.35,32.35,0,0
2022-12-30,15:12:00,32.35,32.35,32.35,32.35,0,0
2022-12-30,15:15:00,32.35,32.35,32.35,32.35,0,0
2022-12-30,15:18:00,32.35,32.35,32.35,32.35,0,0
2022-12-30,15:21:00,32.35,32.35,32.35,32.35,0,0
2022-12-30,15:24:00,32.35,32.35,32.35,32.35,0,0
2022-12-30,15:27:00,32.35,32.35,30.15,30.15,50,50
2023-01-02,12:24:00,24.95,24.95,24.95,24.95,50,100
2023-01-02,12:27:00,24.95,25.0,24.5,25.0,1950,300
2023-01-02,12:30:00,25.0,25.0,25.0,25.0,0,300
2023-01-02,12:33:00,25.0,25.0,25.0,25.0,0,300
2023-01-02,12:36:00,25.0,25.0,25.0,25.0,0,300
2023-01-02,12:39:00,25.0,25.0,25.0,25.0,0,300
2023-01-02,12:42:00,25.0,25.0,25.0,25.0,0,300
2023-01-02,12:45:00,25.0,25.0,24.1,24.1,50,2250
2023-01-02,12:48:00,24.1,24.1,24.1,24.1,0,2250
2023-01-02,12:51:00,24.1,24.1,24.1,24.1,0,2250
2023-01-02,12:54:00,24.1,24.1,24.1,24.1,0,2250
2023-01-02,12:57:00,24.1,24.25,24.1,24.25,100,2300
2023-01-02,13:00:00,24.25,24.25,24.25,24.25,0,2300
2023-01-02,13:03:00,24.25,24.25,24.25,24.25,0,2300
2023-01-02,13:06:00,24.25,24.25,24.25,24.25,0,2300
2023-01-02,13:09:00,24.25,24.25,24.25,24.25,0,2300
2023-01-02,13:12:00,24.25,24.25,23.05,23.05,200,2400
2023-01-02,13:15:00,23.05,23.05,23.05,23.05,0,2400
2023-01-02,13:18:00,23.05,23.05,23.05,23.05,0,2400
2023-01-02,13:21:00,23.05,23.05,23.05,23.05,0,2400
2023-01-02,13:24:00,23.05,23.05,23.05,23.05,0,2400
2023-01-02,13:27:00,23.05,23.05,23.05,23.05,0,2400
2023-01-02,13:42:00,23.05,23.05,23.05,23.05,0,2400
2023-01-02,13:45:00,23.05,23.05,23.05,23.05,0,2400
2023-01-02,13:48:00,23.05,23.05,23.05,23.05,0,2400
2023-01-02,13:51:00,23.05,23.05,23.05,23.05,0,2400
2023-01-02,13:54:00,23.05,23.05,23.05,23.05,0,2400
2023-01-02,13:57:00,23.05,23.05,23.05,23.05,0,2400
2023-01-02,14:00:00,23.05,23.05,23.05,23.05,0,2400
2023-01-02,14:03:00,23.05,23.05,23.05,23.05,0,2400
2023-01-02,14:06:00,23.05,23.05,23.05,23.05,0,2400
2023-01-02,14:09:00,23.05,23.05,23.05,23.05,0,2400
2023-01-02,14:12:00,23.05,23.05,23.05,23.05,0,2400
2023-01-02,14:15:00,23.05,23.05,23.05,23.05,0,2400
2023-01-02,14:18:00,23.05,23.05,23.05,23.05,0,2400
2023-01-02,14:21:00,23.05,23.05,23.05,23.05,0,2400
2023-01-02,14:27:00,23.05,23.05,23.05,23.05,0,2400
2023-01-02,14:33:00,23.05,23.05,23.05,23.05,0,2400
2023-01-02,14:36:00,22.8,22.8,22.8,22.8,100,2600
2023-01-02,14:39:00,22.8,22.8,22.8,22.8,0,2600
2023-01-02,14:42:00,22.8,22.8,22.8,22.8,0,2600
2023-01-02,14:45:00,22.8,22.8,22.8,22.8,0,2600
2023-01-02,14:48:00,22.8,22.8,22.8,22.8,0,2600
2023-01-02,14:51:00,22.8,22.8,22.8,22.8,0,2600
2023-01-02,14:54:00,22.8,22.8,22.8,22.8,0,2600
2023-01-02,14:57:00,22.8,22.8,22.8,22.8,0,2600
2023-01-02,15:06:00,22.8,22.8,22.8,22.8,0,2600
2023-01-02,15:09:00,22.8,22.8,22.8,22.8,0,2600
2023-01-02,15:12:00,22.8,22.8,22.8,22.8,50,2650
2023-01-02,15:15:00,22.8,22.8,22.8,22.8,0,2650
2023-01-02,15:18:00,22.8,22.8,22.8,22.8,0,2650
2023-01-02,15:21:00,22.8,22.8,22.8,22.8,0,2650
2023-01-02,15:24:00,22.8,22.8,22.8,22.8,0,2650
2023-01-02,15:27:00,16.85,16.85,16.85,16.85,50,2700
2023-01-03,10:15:00,17.0,17.0,17.0,17.0,0,2700
2023-01-03,10:18:00,17.0,17.0,17.0,17.0,0,2700
2023-01-03,10:21:00,17.0,17.0,17.0,17.0,0,2700
2023-01-03,10:27:00,17.0,17.0,17.0,17.0,0,2700
2023-01-03,10:30:00,17.0,17.0,17.0,17.0,0,2700
2023-01-03,10:33:00,17.0,17.0,17.0,17.0,0,2700
2023-01-03,10:36:00,17.0,17.0,17.0,17.0,0,2700
2023-01-03,10:39:00,17.0,17.0,17.0,17.0,0,2700
2023-01-03,10:42:00,17.0,19.2,16.7,16.7,150,2700
2023-01-03,10:45:00,16.7,17.85,16.7,17.85,50,2700
2023-01-03,10:48:00,17.85,17.85,17.85,17.85,0,2700
2023-01-03,10:51:00,17.85,17.85,17.85,17.85,0,2700
2023-01-03,10:54:00,17.85,17.85,17.85,17.85,0,2700
2023-01-03,10:57:00,17.85,17.85,17.85,17.85,0,2700
2023-01-03,11:00:00,17.85,17.85,17.85,17.85,0,2700
2023-01-03,11:03:00,17.85,17.85,17.85,17.85,0,2700
2023-01-03,11:06:00,17.85,17.85,17.85,17.85,0,2700
2023-01-03,11:09:00,17.85,17.85,17.85,17.85,0,2700
2023-01-03,11:12:00,17.85,17.85,17.85,17.85,0,2700
2023-01-03,11:15:00,17.85,17.85,17.85,17.85,0,2700
2023-01-03,11:18:00,17.85,17.9,17.85,17.9,50,2700
2023-01-03,11:21:00,17.9,17.9,17.9,17.9,0,2700
2023-01-03,11:24:00,17.9,17.9,17.9,17.9,0,2700
2023-01-03,11:27:00,17.9,17.9,17.9,17.9,0,2700
2023-01-03,11:30:00,17.9,17.9,17.9,17.9,0,2700
2023-01-03,11:33:00,17.9,17.9,17.9,17.9,0,2700
2023-01-03,11:36:00,17.9,17.9,17.9,17.9,0,2700
2023-01-03,11:39:00,17.9,17.9,17.9,17.9,0,2700
2023-01-03,11:42:00,17.9,17.9,17.9,17.9,0,2700
2023-01-03,11:45:00,17.9,17.9,17.9,17.9,0,2700
2023-01-03,11:48:00,17.9,17.9,17.9,17.9,0,2700
2023-01-03,11:51:00,17.9,17.9,17.9,17.9,0,2700
2023-01-03,11:54:00,17.9,17.9,16.0,16.0,50,2750
2023-01-03,11:57:00,16.0,16.0,16.0,16.0,0,2750
2023-01-03,12:00:00,16.0,16.0,16.0,16.0,0,2750
2023-01-03,12:03:00,16.0,16.0,16.0,16.0,0,2750
2023-01-03,12:06:00,16.0,16.0,16.0,16.0,0,2750
2023-01-03,12:09:00,16.0,16.0,16.0,16.0,0,2750
2023-01-03,12:12:00,16.0,16.0,16.0,16.0,0,2750
2023-01-03,12:15:00,16.0,18.25,16.0,18.25,50,2750
2023-01-03,12:18:00,18.25,18.25,18.25,18.25,0,2750
2023-01-03,12:21:00,18.25,18.25,18.25,18.25,0,2750
2023-01-03,12:24:00,18.25,18.25,18.25,18.25,0,2750
2023-01-03,12:27:00,18.25,18.25,14.65,14.65,100,2800
2023-01-03,12:30:00,14.65,19.05,14.65,19.05,50,2850
2023-01-03,12:33:00,19.05,19.05,19.05,19.05,0,2850
2023-01-03,12:36:00,19.05,19.05,19.05,19.05,0,2850
2023-01-03,12:39:00,19.05,19.05,19.05,19.05,0,2850
2023-01-03,12:42:00,19.05,19.05,19.05,19.05,0,2850
2023-01-03,12:45:00,19.05,19.05,19.05,19.05,0,2850
2023-01-03,12:48:00,19.05,19.05,19.05,19.05,0,2850
2023-01-03,12:51:00,19.05,19.05,19.05,19.05,0,2850
2023-01-03,12:54:00,19.05,19.05,19.05,19.05,0,2850
2023-01-03,12:57:00,19.05,19.05,19.05,19.05,0,2850
2023-01-03,13:00:00,19.05,19.05,19.05,19.05,0,2850
2023-01-03,13:03:00,19.05,19.05,19.05,19.05,0,2850
2023-01-03,13:06:00,19.05,19.05,19.05,19.05,0,2850
2023-01-03,13:09:00,19.05,19.05,19.05,19.05,0,2850
2023-01-03,13:12:00,19.05,19.05,19.05,19.05,0,2850
2023-01-03,13:15:00,19.05,19.05,19.05,19.05,0,2850
2023-01-03,13:18:00,19.05,19.05,19.05,19.05,0,2850
2023-01-03,13:21:00,19.05,19.05,19.05,19.05,0,2850
2023-01-03,13:24:00,19.05,19.05,19.05,19.05,0,2850
2023-01-03,13:27:00,19.05,19.05,19.05,19.05,0,2850
2023-01-03,13:30:00,19.05,19.05,19.05,19.05,0,2850
2023-01-03,13:33:00,19.05,19.05,19.05,19.05,0,2850
2023-01-03,13:36:00,19.05,19.05,19.05,19.05,0,2850
2023-01-03,13:39:00,19.05,19.05,19.05,19.05,0,2850
2023-01-03,13:42:00,19.05,19.05,19.05,19.05,0,2850
2023-01-03,13:45:00,19.05,19.05,19.05,19.05,0,2850
2023-01-03,13:48:00,19.05,19.05,19.05,19.05,0,2850
2023-01-03,13:51:00,19.05,19.05,19.05,19.05,0,2850
2023-01-03,13:54:00,19.05,19.05,19.05,19.05,0,2850
2023-01-03,13:57:00,19.05,19.05,19.05,19.05,0,2850
2023-01-03,14:00:00,19.05,19.05,19.05,19.05,0,2850
2023-01-03,14:03:00,19.05,19.05,19.05,19.05,0,2850
2023-01-03,14:06:00,19.05,19.05,19.05,19.05,0,2850
2023-01-03,14:09:00,19.05,19.05,19.05,19.05,0,2850
2023-01-03,14:12:00,19.05,19.05,19.05,19.05,0,2850
2023-01-03,14:15:00,19.05,19.05,19.05,19.05,0,2850
2023-01-03,14:18:00,19.05,19.05,19.05,19.05,0,2850
2023-01-03,14:21:00,19.05,19.05,19.05,19.05,0,2850
2023-01-03,14:24:00,19.05,19.05,19.05,19.05,0,2850
2023-01-03,14:27:00,19.05,19.05,19.05,19.05,0,2850
2023-01-03,14:30:00,19.05,19.05,19.05,19.05,0,2850
2023-01-03,14:33:00,19.05,19.05,19.05,19.05,0,2850
2023-01-03,14:36:00,19.05,19.05,19.05,19.05,0,2850
2023-01-03,14:39:00,19.05,19.05,19.05,19.05,0,2850
2023-01-03,14:42:00,19.05,19.05,19.05,19.05,0,2850
2023-01-03,14:45:00,19.05,19.05,19.05,19.05,0,2850
2023-01-03,14:48:00,19.05,19.05,19.05,19.05,0,2850
2023-01-03,14:51:00,19.05,19.05,19.05,19.05,0,2850
2023-01-03,14:54:00,19.05,19.05,14.85,14.85,50,2850
2023-01-03,14:57:00,14.85,14.85,14.85,14.85,0,2850
2023-01-03,15:00:00,14.85,14.85,14.85,14.85,0,2850
2023-01-03,15:03:00,14.85,14.85,14.85,14.85,0,2850
2023-01-03,15:06:00,14.85,14.85,14.85,14.85,0,2850
2023-01-03,15:09:00,14.85,14.85,14.85,14.85,0,2850
2023-01-03,15:12:00,14.85,14.85,14.85,14.85,0,2850
2023-01-03,15:15:00,14.85,14.85,14.85,14.85,0,2850
2023-01-03,15:18:00,14.85,14.85,14.85,14.85,0,2850
2023-01-03,15:21:00,14.85,14.85,14.85,14.85,0,2850
2023-01-03,15:24:00,14.85,14.85,14.85,14.85,0,2850
2023-01-03,15:27:00,14.85,14.85,14.85,14.85,0,2850
2023-01-04,12:21:00,26.75,26.75,26.75,26.75,0,2900
2023-01-04,12:24:00,26.75,27.1,26.75,27.1,50,2950
2023-01-04,12:27:00,27.1,27.15,27.1,27.15,50,3000
2023-01-04,12:30:00,27.15,27.65,27.15,27.65,50,3050
2023-01-04,12:33:00,27.65,28.0,27.65,28.0,250,3100
2023-01-04,12:36:00,28.0,28.0,28.0,28.0,0,3100
2023-01-04,12:39:00,28.0,28.0,27.15,27.15,50,3150
2023-01-04,12:42:00,27.15,27.15,27.15,27.15,0,3150
2023-01-04,12:45:00,27.15,27.15,27.15,27.15,0,3150
2023-01-04,12:48:00,27.15,27.15,27.15,27.15,0,3150
2023-01-04,12:51:00,27.15,27.15,24.95,24.95,50,3200
2023-01-04,12:54:00,24.95,26.25,24.95,26.25,50,3250
2023-01-04,12:57:00,26.25,27.15,26.25,27.15,50,3300
2023-01-04,13:00:00,27.15,27.15,27.15,27.15,0,3300
2023-01-04,13:03:00,27.15,27.15,27.15,27.15,0,3300
2023-01-04,13:06:00,27.15,27.15,27.15,27.15,0,3300
2023-01-04,13:09:00,27.15,27.15,25.0,25.0,50,3350
2023-01-04,13:12:00,25.0,25.0,25.0,25.0,0,3350
2023-01-04,13:15:00,25.0,25.0,25.0,25.0,0,3350
2023-01-04,13:18:00,25.0,25.25,25.0,25.25,50,3400
2023-01-04,13:21:00,25.25,25.25,25.25,25.25,0,3400
2023-01-04,13:24:00,25.25,25.25,25.25,25.25,0,3400
2023-01-04,13:27:00,25.25,25.25,25.25,25.25,0,3400
2023-01-04,13:30:00,25.25,25.25,25.25,25.25,0,3400
2023-01-04,13:33:00,25.25,25.25,25.25,25.25,0,3400
2023-01-04,13:36:00,25.25,25.25,25.25,25.25,0,3400
2023-01-04,13:39:00,25.25,25.25,25.25,25.25,0,3400
2023-01-04,13:42:00,25.25,25.25,25.25,25.25,0,3400
2023-01-04,13:45:00,25.25,25.25,25.25,25.25,0,3400
2023-01-04,13:48:00,25.25,25.25,25.25,25.25,0,3400
2023-01-04,13:51:00,25.25,25.25,25.25,25.25,0,3400
2023-01-04,13:54:00,25.25,25.25,25.25,25.25,0,3400
2023-01-04,13:57:00,25.25,25.25,25.25,25.25,0,3400
2023-01-04,14:00:00,25.25,25.25,25.25,25.25,0,3400
2023-01-04,14:03:00,25.25,25.25,25.25,25.25,0,3400
2023-01-04,14:06:00,25.25,25.25,25.25,25.25,0,3400
2023-01-04,14:09:00,25.25,25.25,25.25,25.25,0,3400
2023-01-04,14:12:00,25.25,25.25,25.25,25.25,0,3400
2023-01-04,14:15:00,25.25,25.25,25.25,25.25,0,3400
2023-01-04,14:18:00,25.25,25.25,25.25,25.25,0,3400
2023-01-04,14:21:00,25.25,25.25,25.25,25.25,0,3400
2023-01-04,14:24:00,25.25,25.25,25.25,25.25,0,3400
2023-01-04,14:27:00,25.25,25.25,25.25,25.25,0,3400
2023-01-04,14:30:00,25.25,25.25,25.25,25.25,0,3400
2023-01-04,14:33:00,25.25,25.25,25.25,25.25,0,3400
2023-01-04,14:36:00,25.25,25.25,25.25,25.25,0,3400
2023-01-04,14:39:00,25.25,25.25,25.25,25.25,0,3400
2023-01-04,14:42:00,25.25,25.25,25.25,25.25,0,3400
2023-01-04,14:45:00,25.25,25.25,25.25,25.25,0,3400
2023-01-04,14:48:00,25.25,25.25,25.25,25.25,0,3400
2023-01-04,14:51:00,25.25,27.55,25.25,27.55,50,3450
2023-01-04,14:54:00,27.55,27.55,27.55,27.55,0,3450
2023-01-04,14:57:00,27.55,27.55,25.4,25.4,50,3450
2023-01-04,15:00:00,25.4,25.4,25.4,25.4,0,3450
2023-01-04,15:03:00,25.4,25.4,25.4,25.4,0,3450
2023-01-04,15:06:00,25.4,25.4,25.4,25.4,0,3450
2023-01-04,15:09:00,25.4,25.4,25.4,25.4,0,3450
2023-01-04,15:12:00,25.4,25.4,25.4,25.4,0,3450
2023-01-04,15:15:00,25.4,25.4,25.4,25.4,0,3450
2023-01-04,15:18:00,25.4,25.4,25.4,25.4,0,3450
2023-01-04,15:21:00,25.4,25.4,24.8,24.8,1400,3400
2023-01-04,15:24:00,24.8,24.8,24.8,24.8,0,3400
2023-01-04,15:27:00,24.8,24.8,24.8,24.8,0,3400
2023-01-05,09:51:00,20.0,20.0,20.0,20.0,500,3100
2023-01-05,09:54:00,20.0,20.0,20.0,20.0,0,3100
2023-01-05,09:57:00,20.0,20.0,20.0,20.0,0,3100
2023-01-05,10:00:00,20.0,20.0,20.0,20.0,0,3100
2023-01-05,10:03:00,20.0,23.1,20.0,23.1,50,3600
2023-01-05,10:06:00,23.1,23.1,23.1,23.1,0,3600
2023-01-05,10:09:00,23.1,24.8,23.1,24.8,100,3650
2023-01-05,10:12:00,24.8,24.8,24.8,24.8,0,3650
2023-01-05,10:15:00,24.8,24.8,24.8,24.8,0,3650
2023-01-05,10:18:00,24.8,24.8,24.8,24.8,0,3650
2023-01-05,10:21:00,24.8,24.8,24.8,24.8,0,3650
2023-01-05,10:24:00,24.8,24.8,24.8,24.8,0,3650
2023-01-05,10:27:00,24.8,24.8,24.8,24.8,0,3650
2023-01-05,10:30:00,24.8,24.8,24.8,24.8,0,3650
2023-01-05,10:33:00,24.8,24.8,24.8,24.8,0,3650
2023-01-05,10:36:00,24.8,24.8,24.8,24.8,0,3650
2023-01-05,10:39:00,24.8,24.8,24.8,24.8,0,3650
2023-01-05,10:42:00,24.8,24.8,24.8,24.8,0,3650
2023-01-05,10:45:00,24.8,24.8,24.8,24.8,0,3650
2023-01-05,10:48:00,24.8,24.8,24.8,24.8,0,3650
2023-01-05,10:51:00,24.8,24.8,24.8,24.8,0,3650
2023-01-05,10:54:00,24.8,24.8,24.8,24.8,0,3650
2023-01-05,10:57:00,24.8,24.8,24.8,24.8,0,3650
2023-01-05,11:00:00,20.65,23.5,20.65,23.3,400,3750
2023-01-05,11:03:00,23.3,23.3,23.3,23.3,0,3750
2023-01-05,11:06:00,23.3,23.3,23.3,23.3,0,3750
2023-01-05,11:09:00,23.3,23.3,23.3,23.3,0,3750
2023-01-05,11:12:00,23.3,23.3,23.3,23.3,0,3750
2023-01-05,11:15:00,23.3,23.3,23.3,23.3,0,3750
2023-01-05,11:18:00,23.3,23.3,20.3,20.3,100,3800
2023-01-05,11:21:00,20.3,20.3,20.3,20.3,0,3800
2023-01-05,11:24:00,20.3,20.3,20.3,20.3,0,3800
2023-01-05,11:27:00,20.3,20.3,20.3,20.3,0,3800
2023-01-05,11:30:00,20.3,20.3,20.3,20.3,0,3800
2023-01-05,11:33:00,20.3,20.3,20.3,20.3,0,3800
2023-01-05,11:36:00,20.3,20.3,20.3,20.3,0,3800
2023-01-05,11:39:00,20.3,20.3,20.3,20.3,0,3800
2023-01-05,11:42:00,20.3,20.3,20.3,20.3,0,3800
2023-01-05,11:45:00,20.3,20.3,20.3,20.3,0,3800
2023-01-05,11:48:00,20.3,20.3,20.3,20.3,0,3800
2023-01-05,11:51:00,20.3,20.3,20.3,20.3,0,3800
2023-01-05,11:54:00,20.3,20.3,20.3,20.3,0,3800
2023-01-05,11:57:00,20.3,20.3,20.3,20.3,0,3800
2023-01-05,12:00:00,20.3,25.95,20.3,25.95,100,3750
2023-01-05,12:03:00,25.95,27.65,25.95,27.65,50,3800
2023-01-05,12:06:00,27.65,27.65,25.9,25.9,50,3750
2023-01-05,12:09:00,25.9,27.25,25.9,27.25,650,3700
2023-01-05,12:12:00,27.25,27.25,27.25,27.25,0,3700
2023-01-05,12:15:00,27.25,27.25,27.25,27.25,0,3700
2023-01-05,12:18:00,27.25,27.25,27.25,27.25,0,3700
2023-01-05,12:21:00,27.25,27.25,27.25,27.25,0,3700
2023-01-05,12:24:00,27.25,27.25,27.25,27.25,0,3700
2023-01-05,12:27:00,27.25,27.25,27.25,27.25,0,3700
2023-01-05,12:30:00,27.25,27.25,27.25,27.25,0,3700
2023-01-05,12:33:00,27.25,27.25,27.25,27.25,0,3700
2023-01-05,12:36:00,27.25,27.25,27.25,27.25,0,3700
2023-01-05,12:39:00,27.25,27.25,27.25,27.25,0,3700
2023-01-05,12:42:00,27.25,27.25,27.25,27.25,0,3700
2023-01-05,12:45:00,27.25,27.25,27.25,27.25,0,3700
2023-01-05,12:48:00,27.25,27.25,27.25,27.25,0,3700
2023-01-05,12:51:00,27.25,31.0,27.25,31.0,200,3150
2023-01-05,12:54:00,31.0,31.0,31.0,31.0,0,3150
2023-01-05,12:57:00,31.0,31.0,30.85,30.85,150,3150
2023-01-05,13:00:00,30.85,30.85,30.3,30.3,50,3300
2023-01-05,13:03:00,30.3,30.3,30.3,30.3,0,3300
2023-01-05,13:06:00,30.3,30.3,30.3,30.3,0,3300
2023-01-05,13:09:00,30.3,30.3,30.3,30.3,0,3300
2023-01-05,13:12:00,30.3,30.3,30.3,30.3,0,3300
2023-01-05,13:15:00,30.3,30.3,30.3,30.3,0,3300
2023-01-05,13:18:00,30.3,30.3,30.3,30.3,0,3300
2023-01-05,13:21:00,30.3,30.3,30.3,30.3,0,3300
2023-01-05,13:24:00,30.3,33.35,30.3,33.35,50,3250
2023-01-05,13:27:00,33.35,35.8,33.35,35.8,50,3250
2023-01-05,13:30:00,35.8,35.8,35.8,35.8,0,3250
2023-01-05,13:33:00,35.8,35.8,35.8,35.8,0,3250
2023-01-05,13:36:00,35.8,35.8,35.8,35.8,0,3250
2023-01-05,13:39:00,35.8,35.8,35.8,35.8,0,3250
2023-01-05,13:42:00,35.8,35.8,35.8,35.8,0,3250
2023-01-05,13:45:00,35.8,35.8,31.1,31.1,50,3200
2023-01-05,13:48:00,31.1,33.85,31.1,33.85,50,3250
2023-01-05,13:51:00,33.85,33.85,31.1,31.1,250,3300
2023-01-05,13:54:00,31.1,31.1,31.1,31.1,0,3300
2023-01-05,13:57:00,31.1,31.1,28.75,28.8,1250,3800
2023-01-05,14:00:00,28.8,28.8,28.75,28.75,250,4250
2023-01-05,14:03:00,28.75,29.25,28.75,29.25,50,4500
2023-01-05,14:06:00,29.25,29.95,29.25,29.95,100,4500
2023-01-05,14:09:00,29.95,29.95,29.95,29.95,0,4500
2023-01-05,14:12:00,29.95,32.45,29.95,31.95,200,4450
2023-01-05,14:15:00,31.95,31.95,31.95,31.95,50,4450
2023-01-05,14:18:00,31.95,31.95,31.95,31.95,0,4450
2023-01-05,14:21:00,31.95,31.95,31.95,31.95,0,4450
2023-01-05,14:24:00,31.95,31.95,28.5,28.5,50,4700
2023-01-05,14:27:00,28.5,28.5,26.25,26.25,500,4650
2023-01-05,14:30:00,26.25,26.25,26.25,26.25,0,4650
2023-01-05,14:33:00,26.25,27.1,26.25,26.75,150,4700
2023-01-05,14:36:00,26.75,27.65,25.5,25.5,600,4600
2023-01-05,14:39:00,25.5,27.2,25.5,27.2,1650,5150
2023-01-05,14:42:00,27.2,27.2,25.5,25.5,50,6600
2023-01-05,14:45:00,25.5,25.5,25.0,25.0,200,6650
2023-01-05,14:48:00,25.0,25.0,23.3,23.45,400,6800
2023-01-05,14:51:00,23.45,24.95,23.0,24.95,550,7000
2023-01-05,14:54:00,24.95,25.95,23.85,25.0,650,7100
2023-01-05,14:57:00,25.0,25.75,24.0,24.0,900,7500
2023-01-05,15:00:00,24.0,24.2,22.45,22.45,1450,7500
2023-01-05,15:03:00,22.45,22.9,21.7,22.35,1100,7500
2023-01-05,15:06:00,22.35,22.35,21.5,21.5,200,8600
2023-01-05,15:09:00,21.5,22.05,21.1,21.1,1050,8650
2023-01-05,15:12:00,21.1,21.35,21.0,21.35,250,9600
2023-01-05,15:15:00,21.35,21.35,20.2,20.2,1300,9550
2023-01-05,15:18:00,20.2,20.7,20.2,20.7,2150,9500
2023-01-05,15:21:00,20.7,21.6,20.7,21.5,300,10600
2023-01-05,15:24:00,21.5,22.0,17.9,22.0,3500,10850
2023-01-05,15:27:00,22.0,22.0,20.6,21.1,500,11350
2023-01-06,09:15:00,19.8,29.2,18.1,20.9,5550,11350
2023-01-06,09:18:00,20.9,21.85,19.25,20.65,8050,10600
2023-01-06,09:21:00,20.65,21.8,19.15,19.15,4250,11200
2023-01-06,09:24:00,19.15,19.7,16.95,17.25,9950,13000
2023-01-06,09:27:00,17.25,20.05,16.85,19.8,3150,13050
2023-01-06,09:30:00,19.8,21.0,18.4,18.4,2250,12950
2023-01-06,09:33:00,18.4,18.4,16.0,16.0,1750,13150
2023-01-06,09:36:00,16.0,16.95,16.0,16.9,1800,13750
2023-01-06,09:39:00,16.9,17.85,16.6,17.85,1800,13700
2023-01-06,09:42:00,17.85,17.85,16.65,16.9,1100,13700
2023-01-06,09:45:00,16.9,18.05,16.45,17.65,700,13950
2023-01-06,09:48:00,17.65,18.6,17.4,17.7,2200,14050
2023-01-06,09:51:00,17.7,18.0,17.05,18.0,850,14200
2023-01-06,09:54:00,18.0,19.75,17.65,19.75,6850,15850
2023-01-06,09:57:00,19.75,20.6,19.5,20.55,4450,19550
2023-01-06,10:00:00,20.55,21.45,19.55,20.6,4200,21550
2023-01-06,10:03:00,20.6,21.0,20.05,20.35,2300,22150
2023-01-06,10:06:00,20.35,21.15,20.2,20.2,2650,21850
2023-01-06,10:09:00,20.2,21.05,19.75,19.85,3900,23500
2023-01-06,10:12:00,19.85,22.0,19.4,21.9,2600,24850
2023-01-06,10:15:00,21.9,22.3,21.25,22.3,1300,25350
2023-01-06,10:18:00,22.3,22.3,20.0,20.0,2400,26450
2023-01-06,10:21:00,20.0,21.55,19.95,21.1,350,26750
2023-01-06,10:24:00,21.1,21.85,20.95,21.8,750,26750
2023-01-06,10:27:00,21.8,22.35,21.45,21.45,250,26750
2023-01-06,10:30:00,21.45,23.0,21.45,22.15,5400,26700
2023-01-06,10:33:00,22.15,24.2,22.15,24.2,5300,28000
2023-01-06,10:36:00,24.2,24.7,24.1,24.3,3800,29300
2023-01-06,10:39:00,24.3,24.6,23.65,23.65,750,29550
2023-01-06,10:42:00,23.65,24.55,22.95,23.0,1200,29750
2023-01-06,10:45:00,23.0,24.1,22.25,24.1,2050,29000
2023-01-06,10:48:00,24.3,24.3,22.65,22.9,400,29050
2023-01-06,10:51:00,22.9,23.15,21.9,22.95,2800,30550
2023-01-06,10:54:00,22.95,22.95,21.25,22.4,1500,30550
2023-01-06,10:57:00,22.4,23.65,22.4,23.1,850,31550
2023-01-06,11:00:00,23.25,24.75,23.1,24.5,3450,31300
2023-01-06,11:03:00,24.5,24.85,23.75,24.1,3000,32150
2023-01-06,11:06:00,24.1,24.3,23.4,23.4,3550,34150
2023-01-06,11:09:00,23.4,24.2,22.95,24.0,3100,34350
2023-01-06,11:12:00,24.0,24.75,23.6,24.15,1650,34300
2023-01-06,11:15:00,24.15,24.2,23.3,23.5,1950,34400
2023-01-06,11:18:00,23.5,23.6,22.55,23.4,2400,34400
2023-01-06,11:21:00,23.4,23.7,22.8,22.8,2550,34250
2023-01-06,11:24:00,22.8,24.15,22.75,24.1,1850,35300
2023-01-06,11:27:00,24.1,25.05,24.1,24.85,5250,35250
2023-01-06,11:30:00,24.85,24.85,23.3,23.3,1400,35250
2023-01-06,11:33:00,23.3,23.3,22.6,22.6,750,35000
2023-01-06,11:36:00,22.6,23.05,21.6,21.6,550,34900
2023-01-06,11:39:00,21.6,21.85,21.2,21.4,500,34900
2023-01-06,11:42:00,21.4,21.85,20.75,21.3,7200,34950
2023-01-06,11:45:00,21.3,21.65,20.3,21.65,1400,31050
2023-01-06,11:48:00,21.65,22.2,21.5,22.2,850,31500
2023-01-06,11:51:00,22.2,22.65,21.8,21.8,300,31500
2023-01-06,11:54:00,21.85,22.05,21.5,21.7,1200,31500
2023-01-06,11:57:00,21.7,21.7,20.0,21.1,1800,31650
2023-01-06,12:00:00,21.1,21.55,21.1,21.1,1100,32000
2023-01-06,12:03:00,21.1,21.1,20.6,20.85,400,32000
2023-01-06,12:06:00,20.85,21.45,20.85,21.3,1250,32000
2023-01-06,12:09:00,21.3,22.0,21.3,21.8,300,32350
2023-01-06,12:12:00,21.8,22.85,21.8,22.7,900,32400
2023-01-06,12:15:00,22.7,22.7,21.75,21.75,800,32400
2023-01-06,12:18:00,21.75,23.0,21.75,22.8,450,33450
2023-01-06,12:21:00,22.8,23.0,22.25,22.3,250,33450
2023-01-06,12:24:00,22.3,22.8,21.95,22.8,900,33450
2023-01-06,12:27:00,22.8,24.0,22.4,24.0,1200,33550
2023-01-06,12:30:00,24.1,24.25,22.9,23.0,2300,33350
2023-01-06,12:33:00,23.0,23.6,22.7,23.45,600,34400
2023-01-06,12:36:00,23.45,24.7,23.45,24.7,2250,34100
2023-01-06,12:39:00,24.7,27.9,24.7,27.9,3100,33050
2023-01-06,12:42:00,28.05,28.4,27.55,28.05,600,34350
2023-01-06,12:45:00,28.05,30.0,28.05,29.45,1000,34150
2023-01-06,12:48:00,29.45,29.95,29.45,29.95,50,34050
2023-01-06,12:51:00,29.95,29.95,27.45,28.2,400,34050
2023-01-06,12:54:00,28.2,29.5,28.2,28.75,400,33800
2023-01-06,12:57:00,28.75,30.55,28.75,30.55,650,33550
2023-01-06,13:00:00,30.55,31.8,30.1,31.8,800,33750
2023-01-06,13:03:00,31.8,33.55,31.65,31.65,1750,34050
2023-01-06,13:06:00,31.65,33.15,31.65,33.0,300,35050
2023-01-06,13:09:00,33.0,34.05,32.3,32.85,1250,34800
2023-01-06,13:12:00,32.85,33.8,32.85,33.8,100,35050
2023-01-06,13:15:00,33.8,33.8,32.9,33.45,300,35050
2023-01-06,13:18:00,33.45,33.5,33.25,33.25,100,35100
2023-01-06,13:21:00,33.25,35.8,33.25,35.6,550,35150
2023-01-06,13:24:00,35.6,37.4,35.6,36.25,1100,34950
2023-01-06,13:27:00,36.25,40.0,35.9,40.0,400,34850
2023-01-06,13:30:00,40.0,41.1,35.05,35.2,950,34900
2023-01-06,13:33:00,35.2,36.3,35.2,35.95,400,34950
2023-01-06,13:36:00,35.95,36.6,35.0,35.1,1100,35150
2023-01-06,13:39:00,35.1,36.85,35.1,36.0,250,35600
2023-01-06,13:42:00,36.0,36.7,35.2,36.0,500,35500
2023-01-06,13:45:00,36.0,36.0,30.85,30.85,650,35500
2023-01-06,13:48:00,30.85,31.5,30.85,31.1,150,35450
2023-01-06,13:51:00,31.1,33.2,31.1,31.95,1900,35500
2023-01-06,13:54:00,31.95,31.95,31.5,31.5,400,35500
2023-01-06,13:57:00,31.5,33.45,31.5,33.45,50,35500
2023-01-06,14:00:00,33.45,33.45,30.75,32.7,600,35500
2023-01-06,14:03:00,32.7,36.1,32.7,36.1,800,35500
2023-01-06,14:06:00,36.1,38.3,35.95,36.65,1650,35550
2023-01-06,14:09:00,36.65,37.15,35.8,35.8,700,35550
2023-01-06,14:12:00,35.8,35.8,35.8,35.8,0,35550
2023-01-06,14:15:00,35.8,38.5,35.8,38.1,900,35600
2023-01-06,14:18:00,38.1,39.1,38.1,38.85,500,35700
2023-01-06,14:21:00,38.85,38.85,33.6,33.6,300,35950
2023-01-06,14:24:00,33.6,33.6,30.45,31.8,1700,35900
2023-01-06,14:27:00,31.8,33.5,31.8,32.85,500,36350
2023-01-06,14:30:00,32.85,34.4,32.15,34.4,850,36300
2023-01-06,14:33:00,34.4,34.4,33.1,33.1,800,36600
2023-01-06,14:36:00,33.1,33.1,30.9,31.15,750,36800
2023-01-06,14:39:00,31.15,34.85,31.15,34.85,700,36850
2023-01-06,14:42:00,34.85,35.55,33.1,33.1,1650,37050
2023-01-06,14:45:00,33.1,33.85,32.4,32.4,800,36800
2023-01-06,14:48:00,32.4,32.75,31.2,31.4,4750,36650
2023-01-06,14:51:00,31.4,32.4,29.65,29.65,1250,35700
2023-01-06,14:54:00,30.5,32.0,30.5,32.0,1000,35400
2023-01-06,14:57:00,32.0,32.0,28.5,29.0,650,35350
2023-01-06,15:00:00,29.0,31.75,27.0,31.6,2850,35700
2023-01-06,15:03:00,31.9,32.0,30.45,31.85,950,35750
2023-01-06,15:06:00,31.8,31.8,27.8,28.15,2600,35700
2023-01-06,15:09:00,28.15,28.4,24.75,24.85,2700,35750
2023-01-06,15:12:00,24.9,27.1,24.8,26.4,8500,36050
2023-01-06,15:15:00,26.4,27.4,26.3,26.4,2750,38400
2023-01-06,15:18:00,26.4,27.4,25.95,27.0,2150,38250
2023-01-06,15:21:00,27.0,28.3,26.65,28.3,450,38850
2023-01-06,15:24:00,28.3,28.3,26.0,26.0,3550,39400
2023-01-06,15:27:00,26.0,26.05,24.85,24.95,2950,40800
2023-01-09,09:15:00,20.75,20.75,15.35,16.45,7950,41600
2023-01-09,09:18:00,16.45,17.6,15.05,15.95,6200,44350
2023-01-09,09:21:00,15.95,17.15,15.6,16.6,4700,44700
2023-01-09,09:24:00,16.6,19.15,15.95,17.65,2750,45700
2023-01-09,09:27:00,17.45,17.65,15.25,15.55,3650,45700
2023-01-09,09:30:00,15.0,15.0,14.3,14.3,3300,46950
2023-01-09,09:33:00,14.3,14.3,13.4,13.5,6450,47200
2023-01-09,09:36:00,13.55,13.85,13.2,13.4,3100,47850
2023-01-09,09:39:00,13.4,13.85,13.35,13.6,1800,47600
2023-01-09,09:42:00,13.6,13.6,12.85,13.4,1700,47600
2023-01-09,09:45:00,13.4,14.1,13.25,13.35,1600,47950
2023-01-09,09:48:00,13.35,14.1,13.2,13.7,1150,48150
2023-01-09,09:51:00,13.7,14.05,13.55,13.9,850,48450
2023-01-09,09:54:00,13.9,14.05,12.25,12.95,4550,49250
2023-01-09,09:57:00,12.95,13.05,12.8,13.0,650,49300
2023-01-09,10:00:00,13.0,13.1,12.5,13.1,550,49600
2023-01-09,10:03:00,13.1,13.1,12.75,13.1,2050,48500
2023-01-09,10:06:00,13.1,13.1,12.65,13.0,5550,51500
2023-01-09,10:09:00,13.0,13.25,12.75,13.25,1350,50900
2023-01-09,10:12:00,13.25,13.25,12.8,12.9,200,51250
2023-01-09,10:15:00,12.9,13.0,12.3,12.3,1250,50450
2023-01-09,10:18:00,12.3,12.35,12.0,12.0,2750,50750
2023-01-09,10:21:00,12.0,12.45,12.0,12.45,200,50750
2023-01-09,10:24:00,12.45,12.45,12.1,12.1,400,50450
2023-01-09,10:27:00,12.1,12.1,12.05,12.05,50,50450
2023-01-09,10:30:00,12.05,12.35,11.9,12.35,650,50300
2023-01-09,10:33:00,12.35,12.55,12.25,12.55,450,50300
2023-01-09,10:36:00,12.55,12.55,12.2,12.2,1100,50000
2023-01-09,10:39:00,12.2,12.2,11.95,11.95,150,50800
2023-01-09,10:42:00,11.95,12.4,11.95,12.4,1750,51200
2023-01-09,10:45:00,12.4,12.55,12.35,12.55,450,51200
2023-01-09,10:48:00,12.55,12.55,11.6,11.7,1600,50900
2023-01-09,10:51:00,11.7,12.25,11.7,12.2,1100,52200
2023-01-09,10:54:00,12.2,12.2,12.0,12.2,1100,52200
2023-01-09,10:57:00,12.2,12.2,11.9,11.9,50,50900
2023-01-09,11:00:00,11.9,12.15,11.9,12.15,50,50950
2023-01-09,11:03:00,12.15,12.15,12.15,12.15,0,50950
2023-01-09,11:06:00,12.15,12.15,11.4,11.7,850,50800
2023-01-09,11:09:00,11.7,11.7,11.65,11.65,350,50800
2023-01-09,11:12:00,11.65,11.65,11.3,11.3,500,50700
2023-01-09,11:15:00,11.3,11.3,11.3,11.3,0,50700
2023-01-09,11:18:00,11.3,11.6,11.3,11.6,150,50750
2023-01-09,11:21:00,11.6,11.6,11.2,11.45,300,50900
2023-01-09,11:24:00,11.45,11.45,11.45,11.45,0,50900
2023-01-09,11:27:00,11.45,11.45,10.85,11.0,650,50950
2023-01-09,11:30:00,11.0,11.0,11.0,11.0,0,50950
2023-01-09,11:33:00,11.0,11.0,10.8,10.85,500,51000
2023-01-09,11:36:00,10.85,10.95,10.85,10.95,600,50750
2023-01-09,11:39:00,10.95,10.95,10.75,10.8,300,50700
2023-01-09,11:42:00,10.8,10.8,10.5,10.5,300,50550
2023-01-09,11:45:00,10.5,10.85,10.5,10.85,750,50400
2023-01-09,11:48:00,10.85,10.85,10.75,10.75,1250,51250
2023-01-09,11:51:00,10.75,10.85,10.75,10.8,450,51200
2023-01-09,11:54:00,10.8,10.8,10.7,10.75,450,51750
2023-01-09,11:57:00,10.75,10.85,10.75,10.85,0,51150
2023-01-09,12:00:00,10.85,10.85,10.8,10.85,200,51200
2023-01-09,12:03:00,10.85,10.9,10.75,10.75,100,51350
2023-01-09,12:06:00,10.75,11.0,10.75,10.95,250,51400
2023-01-09,12:09:00,10.95,10.95,10.85,10.95,350,51550
2023-01-09,12:12:00,10.95,11.0,10.9,10.9,150,51650
2023-01-09,12:15:00,10.9,10.95,10.65,10.95,250,51700
2023-01-09,12:18:00,10.95,11.15,10.85,10.85,1050,51850
2023-01-09,12:21:00,10.85,10.95,10.85,10.85,150,51500
2023-01-09,12:24:00,10.85,11.25,10.85,11.25,300,51450
2023-01-09,12:27:00,11.25,11.25,11.2,11.25,50,51700
2023-01-09,12:30:00,11.25,11.25,11.25,11.25,0,51700
2023-01-09,12:33:00,11.25,11.5,11.25,11.5,700,51800
2023-01-09,12:36:00,11.5,11.75,11.35,11.4,350,52350
2023-01-09,12:39:00,11.4,12.25,11.4,11.6,5800,52650
2023-01-09,12:42:00,11.6,11.6,11.4,11.4,1050,48650
2023-01-09,12:45:00,11.4,11.7,11.25,11.65,1450,48400
2023-01-09,12:48:00,11.65,11.65,11.25,11.25,700,48100
2023-01-09,12:51:00,11.25,11.45,11.05,11.1,300,48700
2023-01-09,12:54:00,11.1,11.65,11.1,11.55,300,48500
2023-01-09,12:57:00,11.55,11.55,11.1,11.4,150,48400
2023-01-09,13:00:00,11.4,11.4,11.4,11.4,0,48400
2023-01-09,13:03:00,11.4,11.6,11.4,11.5,400,48450
2023-01-09,13:06:00,11.5,11.5,11.3,11.3,150,48200
2023-01-09,13:09:00,11.3,11.35,11.3,11.35,250,48200
2023-01-09,13:12:00,11.35,11.65,11.35,11.55,1000,47950
2023-01-09,13:15:00,11.55,12.1,11.4,11.95,400,48000
2023-01-09,13:18:00,11.95,12.35,11.95,12.35,250,47850
2023-01-09,13:21:00,12.35,12.6,12.1,12.25,500,47650
2023-01-09,13:24:00,12.25,12.25,11.7,11.7,1550,48050
2023-01-09,13:27:00,11.7,12.05,11.7,12.05,50,47600
2023-01-09,13:30:00,12.05,12.3,11.6,11.6,350,47600
2023-01-09,13:33:00,11.6,11.85,11.6,11.85,50,47400
2023-01-09,13:36:00,11.85,11.95,11.7,11.9,350,47400
2023-01-09,13:39:00,11.9,12.35,11.9,12.3,200,47350
2023-01-09,13:42:00,12.3,12.75,12.3,12.45,350,47450
2023-01-09,13:45:00,12.45,13.8,12.45,13.65,2300,47450
2023-01-09,13:48:00,13.65,14.1,13.15,13.15,450,47450
2023-01-09,13:51:00,13.15,14.75,13.05,13.05,800,47450
2023-01-09,13:54:00,13.05,13.95,11.85,11.85,1150,47700
2023-01-09,13:57:00,11.85,12.4,11.85,12.0,950,48400
2023-01-09,14:00:00,12.0,12.2,11.95,11.95,300,48150
2023-01-09,14:03:00,11.95,13.1,11.95,13.0,1050,48400
2023-01-09,14:06:00,13.0,13.1,12.5,13.1,1550,48650
2023-01-09,14:09:00,13.1,13.2,12.25,13.05,2400,49150
2023-01-09,14:12:00,13.05,13.1,11.6,11.6,1450,50600
2023-01-09,14:15:00,11.6,12.1,11.25,12.1,1300,51200
2023-01-09,14:18:00,12.1,12.2,11.75,12.05,1450,51500
2023-01-09,14:21:00,12.05,12.05,11.25,11.6,1550,51900
2023-01-09,14:24:00,11.6,11.6,11.4,11.4,200,51400
2023-01-09,14:27:00,11.4,11.4,11.3,11.3,600,51400
2023-01-09,14:30:00,11.3,11.6,11.3,11.6,0,51250
2023-01-09,14:33:00,11.6,11.6,10.9,11.2,600,51250
2023-01-09,14:36:00,11.2,11.4,11.2,11.3,550,51250
2023-01-09,14:39:00,11.3,11.45,11.2,11.4,750,51300
2023-01-09,14:42:00,11.4,11.5,11.3,11.35,1500,50950
2023-01-09,14:45:00,11.35,13.45,11.35,12.0,5100,50850
2023-01-09,14:48:00,12.0,12.0,10.2,10.65,3800,50050
2023-01-09,14:51:00,10.65,11.3,10.45,11.3,1800,50050
2023-01-09,14:54:00,11.3,11.65,10.6,11.1,1150,49250
2023-01-09,14:57:00,11.0,11.65,11.0,11.25,3100,50900
2023-01-09,15:00:00,11.25,11.25,9.65,10.0,6800,47400
2023-01-09,15:03:00,10.0,10.25,9.85,9.95,3800,47200
2023-01-09,15:06:00,9.95,10.15,9.75,10.1,1950,47500
2023-01-09,15:09:00,10.1,10.3,9.75,10.2,4450,46650
2023-01-09,15:12:00,10.2,10.35,10.0,10.05,3850,49000
2023-01-09,15:15:00,10.05,10.15,9.75,9.95,2300,51150
2023-01-09,15:18:00,9.95,10.0,9.7,10.0,3150,50750
2023-01-09,15:21:00,10.0,10.0,9.9,10.0,1200,49300
2023-01-09,15:24:00,10.15,10.3,10.0,10.15,3300,49450
2023-01-09,15:27:00,10.2,10.5,10.2,10.5,1250,48850
2023-01-10,09:15:00,10.2,12.4,10.2,12.25,2200,50700
2023-01-10,09:18:00,12.25,12.4,11.6,11.95,1900,51100
2023-01-10,09:21:00,11.95,12.25,11.55,12.1,3750,51700
2023-01-10,09:24:00,12.1,12.1,11.35,11.95,2700,52550
2023-01-10,09:27:00,11.95,12.3,11.8,12.2,900,52650
2023-01-10,09:30:00,12.2,13.4,12.05,13.4,2250,52300
2023-01-10,09:33:00,13.4,13.9,12.5,12.65,850,52250
2023-01-10,09:36:00,12.65,13.1,12.65,12.85,300,52600
2023-01-10,09:39:00,12.85,13.85,12.85,13.85,1100,52700
2023-01-10,09:42:00,13.85,13.85,13.2,13.5,1250,53600
2023-01-10,09:45:00,13.5,14.0,11.95,12.7,3400,53500
2023-01-10,09:48:00,12.7,13.65,12.65,13.35,4600,53350
2023-01-10,09:51:00,13.35,15.15,13.35,15.0,4100,55100
2023-01-10,09:54:00,15.0,16.7,14.85,16.15,4750,55200
2023-01-10,09:57:00,16.15,16.45,16.0,16.05,600,55200
2023-01-10,10:00:00,16.05,17.05,16.05,16.8,1050,55400
2023-01-10,10:03:00,16.8,16.8,15.3,15.5,950,55250
2023-01-10,10:06:00,15.5,15.95,13.9,13.9,1600,54850
2023-01-10,10:09:00,13.9,15.55,13.9,15.3,2450,54900
2023-01-10,10:12:00,15.3,15.8,14.5,14.55,1100,54900
2023-01-10,10:15:00,14.55,14.8,14.15,14.6,1300,55050
2023-01-10,10:18:00,14.6,14.6,13.5,14.0,400,55050
2023-01-10,10:21:00,14.0,14.55,13.7,14.55,3200,54900
2023-01-10,10:24:00,14.55,14.7,14.1,14.1,650,56400
2023-01-10,10:27:00,14.1,14.1,13.7,14.1,100,56200
2023-01-10,10:30:00,14.1,15.15,14.1,15.15,400,56100
2023-01-10,10:33:00,15.3,16.45,15.15,16.2,1350,56250
2023-01-10,10:36:00,16.2,16.35,15.25,15.25,700,56450
2023-01-10,10:39:00,15.25,15.7,15.25,15.25,150,56450
2023-01-10,10:42:00,15.25,17.0,15.25,16.6,1800,55000
2023-01-10,10:45:00,16.6,17.5,16.6,16.6,2350,55000
2023-01-10,10:48:00,16.6,17.0,16.55,17.0,350,53950
2023-01-10,10:51:00,17.0,17.05,15.75,15.8,550,54050
2023-01-10,10:54:00,15.8,16.35,15.6,15.6,750,53850
2023-01-10,10:57:00,15.6,15.8,15.05,15.15,1100,53850
2023-01-10,11:00:00,15.15,15.55,14.75,15.55,1550,52150
2023-01-10,11:03:00,15.55,16.25,15.5,16.25,2850,52300
2023-01-10,11:06:00,16.25,16.25,16.2,16.2,50,52300
2023-01-10,11:09:00,16.2,16.2,15.45,15.45,200,52250
2023-01-10,11:12:00,15.45,16.2,15.45,16.2,1500,52250
2023-01-10,11:15:00,16.2,17.2,16.0,16.0,1650,52550
2023-01-10,11:18:00,16.0,16.25,15.65,16.25,400,52550
2023-01-10,11:21:00,16.25,16.55,16.25,16.25,400,52600
2023-01-10,11:24:00,16.25,16.85,16.25,16.85,100,52750
2023-01-10,11:27:00,16.85,17.35,16.15,17.35,500,52800
2023-01-10,11:30:00,17.35,19.1,17.35,18.5,2750,52800
2023-01-10,11:33:00,18.9,18.9,18.1,18.4,1000,53200
2023-01-10,11:36:00,18.4,18.7,17.3,17.3,1800,52700
2023-01-10,11:39:00,17.3,18.55,17.3,18.55,700,53850
2023-01-10,11:42:00,17.9,18.35,17.75,18.35,650,53850
2023-01-10,11:45:00,18.35,18.45,17.1,17.5,700,53600
2023-01-10,11:48:00,17.5,17.9,17.3,17.55,1850,53750
2023-01-10,11:51:00,17.55,18.1,17.55,18.1,1150,53900
2023-01-10,11:54:00,18.1,18.1,16.75,17.6,1950,53750
2023-01-10,11:57:00,17.6,18.0,17.1,17.1,550,53900
2023-01-10,12:00:00,17.1,17.15,16.55,16.65,450,53900
2023-01-10,12:03:00,16.65,17.35,16.65,16.85,600,53800
2023-01-10,12:06:00,16.85,16.85,16.2,16.2,200,53750
2023-01-10,12:09:00,16.2,16.4,15.2,15.2,650,53750
2023-01-10,12:12:00,15.2,15.7,14.95,15.7,450,53600
2023-01-10,12:15:00,15.7,15.8,15.7,15.8,150,53600
2023-01-10,12:18:00,15.8,15.8,15.6,15.7,250,53600
2023-01-10,12:21:00,15.7,16.15,15.7,16.15,500,53450
2023-01-10,12:24:00,16.15,16.15,16.15,16.15,0,53450
2023-01-10,12:27:00,16.15,16.45,14.8,14.9,950,53950
2023-01-10,12:30:00,14.5,14.95,14.0,14.95,1600,53450
2023-01-10,12:33:00,14.95,15.8,14.95,15.8,250,53400
2023-01-10,12:36:00,15.8,16.65,15.8,16.55,800,53400
2023-01-10,12:39:00,16.55,18.8,16.55,18.75,1000,53950
2023-01-10,12:42:00,18.75,21.0,18.75,21.0,2400,53950
2023-01-10,12:45:00,21.1,22.15,20.4,21.55,4950,53900
2023-01-10,12:48:00,21.55,24.0,21.55,23.65,3100,53650
2023-01-10,12:51:00,23.65,24.1,23.15,23.6,950,53500
2023-01-10,12:54:00,23.6,23.9,22.7,22.9,1650,53600
2023-01-10,12:57:00,22.9,23.55,22.25,23.55,2650,53600
2023-01-10,13:00:00,23.55,23.55,20.75,21.15,5450,55050
2023-01-10,13:03:00,21.15,21.55,20.2,20.65,2650,53800
2023-01-10,13:06:00,20.65,21.15,20.0,20.35,1850,55300
2023-01-10,13:09:00,20.35,21.0,19.75,21.0,3250,55050
2023-01-10,13:12:00,21.0,22.25,21.0,22.25,3800,57150
2023-01-10,13:15:00,22.25,22.25,21.2,21.2,250,57800
2023-01-10,13:18:00,20.85,21.8,20.8,21.8,450,57800
2023-01-10,13:21:00,21.8,22.7,21.8,22.7,150,57900
2023-01-10,13:24:00,22.7,22.7,20.55,20.7,3250,57200
2023-01-10,13:27:00,20.7,21.25,20.65,20.65,350,56350
2023-01-10,13:30:00,20.2,20.65,19.9,20.0,550,56350
2023-01-10,13:33:00,20.0,21.3,19.9,21.3,1500,56350
2023-01-10,13:36:00,21.3,21.3,20.7,21.05,650,56400
2023-01-10,13:39:00,21.05,25.0,21.05,24.6,3550,56450
2023-01-10,13:42:00,24.6,25.6,23.95,24.8,5400,55450
2023-01-10,13:45:00,24.8,25.35,21.95,22.7,4600,56350
2023-01-10,13:48:00,22.55,23.25,22.0,22.75,2450,57900
2023-01-10,13:51:00,22.7,23.1,20.1,20.3,4550,59200
2023-01-10,13:54:00,20.15,21.2,20.0,20.55,2100,60400
2023-01-10,13:57:00,20.55,21.2,18.6,19.9,10950,61800
2023-01-10,14:00:00,19.9,21.05,19.45,19.55,3450,64700
2023-01-10,14:03:00,19.55,19.7,18.75,19.7,6000,65700
2023-01-10,14:06:00,19.7,20.3,18.9,19.95,7000,65200
2023-01-10,14:09:00,19.95,21.3,19.95,20.35,1900,65800
2023-01-10,14:12:00,20.35,20.4,20.1,20.1,450,66500
2023-01-10,14:15:00,20.1,20.9,19.7,20.9,1550,66600
2023-01-10,14:18:00,20.9,22.8,20.9,21.85,2600,65900
2023-01-10,14:21:00,21.85,22.85,20.45,20.45,1750,66700
2023-01-10,14:24:00,20.45,22.3,20.45,21.75,450,66500
2023-01-10,14:27:00,21.75,24.15,21.75,23.25,2650,66550
2023-01-10,14:30:00,23.35,24.55,22.45,23.0,2450,67850
2023-01-10,14:33:00,23.0,24.75,23.0,24.55,2350,67350
2023-01-10,14:36:00,24.6,24.6,23.55,24.05,2950,66500
2023-01-10,14:39:00,24.05,24.15,21.8,22.0,2100,67000
2023-01-10,14:42:00,22.0,25.15,22.0,25.15,3600,67150
2023-01-10,14:45:00,25.15,25.2,22.4,22.65,4650,67550
2023-01-10,14:48:00,22.65,23.05,20.95,21.25,4050,68950
2023-01-10,14:51:00,21.25,22.5,20.85,22.05,1550,69300
2023-01-10,14:54:00,22.05,22.05,19.55,20.45,9700,69400
2023-01-10,14:57:00,20.45,21.4,19.75,21.35,3200,74300
2023-01-10,15:00:00,20.55,21.35,17.55,20.4,5400,74550
2023-01-10,15:03:00,20.4,22.15,19.8,20.15,2900,75550
2023-01-10,15:06:00,20.15,20.15,18.4,18.45,1550,75750
2023-01-10,15:09:00,18.45,18.45,15.9,17.15,6000,75350
2023-01-10,15:12:00,17.15,17.25,16.6,16.8,4200,74800
2023-01-10,15:15:00,16.8,17.95,16.3,17.05,4900,76750
2023-01-10,15:18:00,17.05,18.05,17.05,17.95,6400,77250
2023-01-10,15:21:00,17.8,18.0,17.75,18.0,4450,77650
2023-01-10,15:24:00,18.0,18.4,17.9,18.05,5850,79900
2023-01-10,15:27:00,18.05,18.1,17.45,18.1,6500,78700
2023-01-11,09:15:00,18.1,22.8,17.0,22.15,9750,79450
2023-01-11,09:18:00,22.15,22.4,21.05,21.6,7000,80500
2023-01-11,09:21:00,21.6,26.15,20.75,25.2,9050,80700
2023-01-11,09:24:00,25.4,31.7,25.2,27.25,15850,78350
2023-01-11,09:27:00,27.0,28.5,26.0,26.6,6750,77100
2023-01-11,09:30:00,26.6,27.7,24.0,26.85,8100,79450
2023-01-11,09:33:00,28.0,29.6,26.85,27.5,6400,78550
2023-01-11,09:36:00,27.6,28.0,17.15,20.45,11700,78550
2023-01-11,09:39:00,20.45,26.95,16.35,24.35,6950,77800
2023-01-11,09:42:00,23.9,27.65,22.5,24.3,10250,76800
2023-01-11,09:45:00,24.3,26.2,19.7,21.25,6700,76750
2023-01-11,09:48:00,21.25,22.2,20.4,21.45,6450,80050
2023-01-11,09:51:00,21.6,22.6,21.1,21.45,2000,79200
2023-01-11,09:54:00,21.45,21.5,20.4,20.75,4450,78200
2023-01-11,09:57:00,20.75,22.55,20.75,22.05,3600,78750
2023-01-11,10:00:00,22.05,22.05,19.1,19.7,11750,78600
2023-01-11,10:03:00,19.7,20.45,19.05,19.05,19350,94550
2023-01-11,10:06:00,19.05,19.05,17.45,18.15,12650,99850
2023-01-11,10:09:00,18.05,18.15,16.0,16.15,13650,106850
2023-01-11,10:12:00,16.15,16.35,15.55,15.55,7550,105150
2023-01-11,10:15:00,15.55,16.15,14.9,14.95,7400,105200
2023-01-11,10:18:00,15.0,16.25,14.95,15.7,4600,105200
2023-01-11,10:21:00,15.7,18.2,15.7,16.4,51400,106350
2023-01-11,10:24:00,16.4,16.5,15.4,15.4,3900,106850
2023-01-11,10:27:00,15.4,15.5,14.5,14.6,8050,108100
2023-01-11,10:30:00,14.5,14.6,13.7,14.2,7850,108100
2023-01-11,10:33:00,14.2,15.1,14.2,15.1,3350,104550
2023-01-11,10:36:00,15.15,15.75,14.95,15.2,2700,103800
2023-01-11,10:39:00,15.2,16.15,14.85,15.35,3250,103100
2023-01-11,10:42:00,15.35,16.25,15.35,16.25,4500,104750
2023-01-11,10:45:00,16.2,16.25,15.35,15.9,4100,105550
2023-01-11,10:48:00,15.9,17.3,15.8,17.15,4850,105100
2023-01-11,10:51:00,17.15,20.35,17.15,19.25,6450,105100
2023-01-11,10:54:00,19.25,21.7,18.9,21.25,8800,106300
2023-01-11,10:57:00,21.5,22.05,18.75,20.2,9600,106850
2023-01-11,11:00:00,20.2,21.35,19.55,20.25,4450,107100
2023-01-11,11:03:00,20.25,21.95,19.95,21.85,4950,108050
2023-01-11,11:06:00,22.2,22.75,19.8,20.8,12250,114900
2023-01-11,11:09:00,20.5,20.8,18.1,18.35,10400,114900
2023-01-11,11:12:00,18.25,19.35,18.05,18.2,5700,119750
2023-01-11,11:15:00,17.5,19.5,17.5,19.5,4950,115950
2023-01-11,11:18:00,19.5,19.5,17.9,18.1,7000,116100
2023-01-11,11:21:00,18.85,21.6,18.1,20.3,11650,111800
2023-01-11,11:24:00,20.3,21.45,20.0,20.2,4800,106750
2023-01-11,11:27:00,20.2,20.25,18.65,18.75,8900,107550
2023-01-11,11:30:00,18.75,20.65,18.55,20.65,4100,105000
2023-01-11,11:33:00,20.8,21.5,20.0,20.35,8150,103450
2023-01-11,11:36:00,20.35,20.5,19.15,20.0,3550,102000
2023-01-11,11:39:00,20.0,21.05,19.95,20.85,4550,102150
2023-01-11,11:42:00,20.85,22.0,19.95,20.5,5800,102050
2023-01-11,11:45:00,20.5,20.5,18.95,18.95,5750,100900
2023-01-11,11:48:00,18.95,19.3,18.75,19.2,2000,101550
2023-01-11,11:51:00,19.2,19.2,16.4,16.65,13900,101650
2023-01-11,11:54:00,16.65,16.85,16.0,16.55,2700,99600
2023-01-11,11:57:00,16.5,17.5,16.2,17.5,1350,99400
2023-01-11,12:00:00,17.5,17.5,15.75,16.25,1400,99250
2023-01-11,12:03:00,16.25,17.4,16.25,16.85,1700,99700
2023-01-11,12:06:00,16.85,17.45,16.85,17.15,2100,99650
2023-01-11,12:09:00,17.15,17.75,16.5,17.55,3100,99900
2023-01-11,12:12:00,17.55,18.45,17.1,18.05,2750,99350
2023-01-11,12:15:00,18.05,19.45,18.05,19.2,1900,99050
2023-01-11,12:18:00,19.2,19.2,16.4,17.25,2900,98700
2023-01-11,12:21:00,17.25,17.9,17.25,17.25,750,97950
2023-01-11,12:24:00,17.25,17.45,16.55,17.35,2000,98100
2023-01-11,12:27:00,17.35,17.5,17.1,17.5,450,97500
2023-01-11,12:30:00,17.6,18.45,17.5,18.45,1550,97450
2023-01-11,12:33:00,18.45,19.2,18.05,18.4,1100,97250
2023-01-11,12:36:00,18.4,19.2,18.35,18.35,450,97100
2023-01-11,12:39:00,18.35,19.4,18.2,18.2,1450,97000
2023-01-11,12:42:00,18.2,19.25,18.2,19.25,200,97050
2023-01-11,12:45:00,19.25,19.75,19.0,19.75,4400,96850
2023-01-11,12:48:00,19.75,20.55,19.45,19.75,5250,96550
2023-01-11,12:51:00,19.75,20.45,19.75,19.95,1100,97950
2023-01-11,12:54:00,19.95,20.5,18.35,19.95,3100,98050
2023-01-11,12:57:00,19.95,19.95,19.25,19.75,100,99450
2023-01-11,13:00:00,19.75,19.75,18.95,18.95,250,99450
2023-01-11,13:03:00,18.95,19.05,17.15,17.15,5600,99450
2023-01-11,13:06:00,17.15,17.65,16.75,17.15,2200,100000
2023-01-11,13:09:00,17.15,17.35,16.5,16.85,1050,98750
2023-01-11,13:12:00,16.85,17.7,16.85,17.5,3050,98350
2023-01-11,13:15:00,17.5,17.5,16.3,17.3,2250,98200
2023-01-11,13:18:00,17.3,17.55,16.75,17.25,1300,98550
2023-01-11,13:21:00,17.25,17.45,16.3,17.25,5400,98350
2023-01-11,13:24:00,17.25,17.25,16.55,17.15,2100,98400
2023-01-11,13:27:00,17.15,17.35,16.65,16.85,1050,98150
2023-01-11,13:30:00,16.85,17.65,16.3,17.3,2850,98050
2023-01-11,13:33:00,17.1,17.45,16.9,17.2,5150,98350
2023-01-11,13:36:00,17.2,17.35,15.05,17.35,9350,98500
2023-01-11,13:39:00,17.5,17.5,16.35,16.95,1850,99350
2023-01-11,13:42:00,16.95,17.35,16.6,17.25,650,99500
2023-01-11,13:45:00,17.25,18.0,17.1,17.65,2500,99300
2023-01-11,13:48:00,17.65,17.65,17.3,17.45,350,99500
2023-01-11,13:51:00,17.45,18.15,17.45,17.95,700,99500
2023-01-11,13:54:00,17.95,19.35,17.95,19.25,1900,99300
2023-01-11,13:57:00,19.25,19.5,18.8,18.95,1150,99300
2023-01-11,14:00:00,18.95,19.45,16.95,18.4,2700,99700
2023-01-11,14:03:00,18.4,21.2,18.4,20.95,4250,99750
2023-01-11,14:06:00,20.95,21.6,20.4,21.0,18400,99750
2023-01-11,14:09:00,21.1,21.1,19.75,21.0,3650,110900
2023-01-11,14:12:00,21.0,21.9,20.85,21.4,5950,110050
2023-01-11,14:15:00,21.4,22.15,20.7,20.8,4750,111400
2023-01-11,14:18:00,20.85,22.05,20.45,20.8,20050,111900
2023-01-11,14:21:00,20.8,21.3,20.05,21.3,8300,108100
2023-01-11,14:24:00,21.3,21.3,18.5,19.9,18600,110200
2023-01-11,14:27:00,19.9,19.9,18.5,18.5,2400,115750
2023-01-11,14:30:00,18.55,19.3,17.75,17.75,2650,115700
2023-01-11,14:33:00,17.75,17.75,17.0,17.7,5000,115500
2023-01-11,14:36:00,17.7,17.7,15.65,16.1,3750,114100
2023-01-11,14:39:00,16.1,16.6,15.7,16.2,1350,112500
2023-01-11,14:42:00,16.2,16.2,15.25,15.45,23950,112450
2023-01-11,14:45:00,15.45,15.9,14.9,15.85,5400,101100
2023-01-11,14:48:00,16.05,16.3,15.4,15.6,3350,101400
2023-01-11,14:51:00,15.6,15.85,15.0,15.65,5900,100550
2023-01-11,14:54:00,15.65,16.0,14.7,15.75,1700,99250
2023-01-11,14:57:00,15.75,16.0,12.7,13.8,17200,99750
2023-01-11,15:00:00,13.7,16.35,13.7,16.35,8300,98150
2023-01-11,15:03:00,16.5,17.45,16.15,17.35,5100,97750
2023-01-11,15:06:00,17.35,18.5,17.35,18.0,7550,98500
2023-01-11,15:09:00,18.0,18.5,16.35,17.35,12150,97600
2023-01-11,15:12:00,17.15,17.5,16.5,17.4,10050,105650
2023-01-11,15:15:00,17.4,18.0,16.75,18.0,3900,107400
2023-01-11,15:18:00,18.0,18.55,17.3,17.45,10850,108200
2023-01-11,15:21:00,17.45,18.1,17.0,17.5,8300,109600
2023-01-11,15:24:00,17.5,17.65,17.2,17.6,4400,111300
2023-01-11,15:27:00,17.6,17.7,17.0,17.15,15350,111800
2023-01-12,09:15:00,17.2,18.75,13.45,13.7,15400,122500
2023-01-12,09:18:00,13.65,14.55,12.65,14.15,18350,127400
2023-01-12,09:21:00,14.15,16.85,14.15,15.85,7650,124900
2023-01-12,09:24:00,15.85,15.85,14.0,14.7,8250,125450
2023-01-12,09:27:00,14.7,16.05,14.6,15.7,16300,134750
2023-01-12,09:30:00,15.95,15.95,13.7,14.0,14500,143600
2023-01-12,09:33:00,14.0,14.1,12.55,13.5,22150,158050
2023-01-12,09:36:00,13.5,14.15,13.0,13.4,11150,154850
2023-01-12,09:39:00,13.25,13.4,12.6,12.6,5950,153600
2023-01-12,09:42:00,12.6,16.7,12.45,14.7,28150,153150
2023-01-12,09:45:00,14.7,16.0,13.7,15.8,17300,150350
2023-01-12,09:48:00,16.0,17.25,15.25,17.2,80500,192100
2023-01-12,09:51:00,17.35,17.85,15.7,15.85,170400,282800
2023-01-12,09:54:00,15.9,16.75,15.4,16.25,37300,324300
2023-01-12,09:57:00,16.25,18.05,16.25,17.8,69450,338700
2023-01-12,10:00:00,17.8,19.3,17.45,18.45,30350,343600
2023-01-12,10:03:00,18.45,19.4,17.85,19.25,7500,342850
2023-01-12,10:06:00,19.25,21.3,19.25,21.05,15900,343550
2023-01-12,10:09:00,21.05,22.15,20.6,20.9,8000,346750
2023-01-12,10:12:00,20.9,21.85,20.25,20.4,5200,348750
2023-01-12,10:15:00,20.4,24.7,20.4,23.25,16000,347400
2023-01-12,10:18:00,23.25,24.3,22.0,24.0,21650,351550
2023-01-12,10:21:00,23.95,24.0,22.0,23.0,10750,346400
2023-01-12,10:24:00,23.0,23.75,21.8,22.9,16650,346400
2023-01-12,10:27:00,22.9,23.8,22.25,23.2,10500,349300
2023-01-12,10:30:00,23.2,25.1,22.65,24.55,6900,351900
2023-01-12,10:33:00,24.55,25.25,23.2,24.5,6200,349900
2023-01-12,10:36:00,24.5,25.45,24.5,25.3,14850,346650
2023-01-12,10:39:00,25.3,26.1,22.35,23.0,23150,345100
2023-01-12,10:42:00,23.0,23.8,22.55,23.15,6600,347150
2023-01-12,10:45:00,23.15,23.15,21.6,22.75,6350,347150
2023-01-12,10:48:00,22.75,24.4,22.75,24.2,13100,349150
2023-01-12,10:51:00,24.2,24.9,23.75,24.3,15850,349150
2023-01-12,10:54:00,24.05,24.3,23.0,23.05,10650,358750
2023-01-12,10:57:00,23.05,23.65,22.6,22.95,8400,358750
2023-01-12,11:00:00,22.95,23.4,22.55,22.95,2800,354600
2023-01-12,11:03:00,22.95,22.95,21.5,22.2,9000,354250
2023-01-12,11:06:00,22.05,23.0,21.95,22.75,6950,358400
2023-01-12,11:09:00,22.75,27.35,22.75,26.5,12500,356500
2023-01-12,11:12:00,26.6,27.2,26.15,26.3,5250,355100
2023-01-12,11:15:00,26.3,26.45,25.0,25.3,18450,353000
2023-01-12,11:18:00,25.3,25.3,23.9,25.0,5600,345400
2023-01-12,11:21:00,25.0,25.3,24.8,24.85,2850,344500
2023-01-12,11:24:00,24.85,25.45,24.5,24.9,4850,344450
2023-01-12,11:27:00,25.1,26.05,24.9,25.0,8400,344600
2023-01-12,11:30:00,25.0,25.2,23.9,24.6,10500,345800
2023-01-12,11:33:00,24.6,25.6,23.05,23.2,8950,344600
2023-01-12,11:36:00,23.2,24.0,22.3,23.7,3800,343700
2023-01-12,11:39:00,23.7,24.9,23.35,24.55,6550,344000
2023-01-12,11:42:00,24.55,25.3,24.25,24.5,3500,343950
2023-01-12,11:45:00,24.5,25.3,24.4,24.75,2400,344200
2023-01-12,11:48:00,24.75,25.7,24.55,25.65,2450,343300
2023-01-12,11:51:00,25.65,27.0,25.3,26.9,2350,343250
2023-01-12,11:54:00,26.9,29.05,26.9,27.8,14450,343350
2023-01-12,11:57:00,27.8,28.6,26.8,28.4,3500,339400
2023-01-12,12:00:00,28.25,29.0,25.85,25.85,6200,339800
2023-01-12,12:03:00,25.9,26.25,25.0,25.5,5550,340100
2023-01-12,12:06:00,25.5,26.0,24.4,24.75,11350,341000
2023-01-12,12:09:00,24.75,24.95,23.85,24.7,5250,345550
2023-01-12,12:12:00,24.75,24.75,23.1,23.45,3300,346700
2023-01-12,12:15:00,23.45,24.25,22.35,22.95,7200,346250
2023-01-12,12:18:00,22.95,22.95,20.0,20.8,36000,348300
2023-01-12,12:21:00,20.65,21.7,20.65,20.95,9300,360350
2023-01-12,12:24:00,20.95,21.3,20.55,20.65,5850,358450
2023-01-12,12:27:00,20.65,21.6,20.3,21.55,5000,356150
2023-01-12,12:30:00,21.55,21.55,20.6,21.3,4900,357300
2023-01-12,12:33:00,21.3,22.55,21.0,22.55,13700,356850
2023-01-12,12:36:00,22.55,22.55,21.4,21.8,4350,364550
2023-01-12,12:39:00,21.8,22.3,19.9,21.9,6850,367450
2023-01-12,12:42:00,21.9,21.95,21.45,21.6,10000,363200
2023-01-12,12:45:00,21.6,21.85,20.65,20.85,6700,358450
2023-01-12,12:48:00,20.85,20.85,19.8,19.8,5700,356650
2023-01-12,12:51:00,19.8,20.05,17.15,17.7,16550,358350
2023-01-12,12:54:00,17.7,18.1,17.0,18.1,40250,371900
2023-01-12,12:57:00,18.2,18.9,17.75,18.25,14050,370550
2023-01-12,13:00:00,18.25,18.4,17.05,18.0,7600,372050
2023-01-12,13:03:00,18.0,18.55,17.4,17.55,9450,372100
2023-01-12,13:06:00,17.55,17.75,17.25,17.6,8200,372350
2023-01-12,13:09:00,17.6,19.6,17.15,19.2,20750,373700
2023-01-12,13:12:00,19.7,20.3,18.45,19.15,14000,375550
2023-01-12,13:15:00,19.15,19.8,17.9,18.05,4500,373500
2023-01-12,13:18:00,18.05,19.05,18.05,19.05,2300,374750
2023-01-12,13:21:00,19.05,21.0,19.05,20.45,11500,375100
2023-01-12,13:24:00,20.9,22.1,20.35,22.1,9400,377200
2023-01-12,13:27:00,22.25,23.1,21.5,22.8,14200,378950
2023-01-12,13:30:00,22.6,22.8,21.4,22.7,7900,378700
2023-01-12,13:33:00,22.7,26.75,22.4,26.6,18050,377900
2023-01-12,13:36:00,26.6,27.1,25.0,25.5,17550,375750
2023-01-12,13:39:00,25.5,27.5,24.45,26.7,18500,377850
2023-01-12,13:42:00,26.9,27.55,24.2,24.6,34700,370200
2023-01-12,13:45:00,24.75,24.8,22.55,23.55,8650,364850
2023-01-12,13:48:00,23.45,23.95,22.6,23.65,10850,365950
2023-01-12,13:51:00,23.65,24.25,20.95,21.2,8150,366800
2023-01-12,13:54:00,21.2,21.85,20.1,21.0,8250,361850
2023-01-12,13:57:00,21.0,21.6,18.75,19.45,13550,361100
2023-01-12,14:00:00,19.1,19.85,18.25,19.65,8350,361350
2023-01-12,14:03:00,19.5,19.65,18.15,18.85,5650,363800
2023-01-12,14:06:00,18.85,18.85,17.45,17.45,17050,365100
2023-01-12,14:09:00,17.45,17.75,16.15,17.55,20600,370500
2023-01-12,14:12:00,17.35,17.6,17.05,17.45,7150,370350
2023-01-12,14:15:00,17.45,18.0,15.5,15.65,14200,372100
2023-01-12,14:18:00,15.55,15.65,14.3,15.05,38700,377400
2023-01-12,14:21:00,15.05,15.7,14.25,15.65,21100,386550
2023-01-12,14:24:00,15.65,15.65,14.2,15.1,14900,390850
2023-01-12,14:27:00,15.1,16.65,15.1,16.4,10050,397550
2023-01-12,14:30:00,16.4,17.4,16.2,17.25,19150,394400
2023-01-12,14:33:00,17.4,18.0,15.55,16.0,15600,389650
2023-01-12,14:36:00,16.0,17.2,16.0,16.9,8600,390350
2023-01-12,14:39:00,16.9,17.0,16.15,16.2,7300,390750
2023-01-12,14:42:00,16.2,17.45,16.15,17.25,14200,389200
2023-01-12,14:45:00,17.45,17.5,15.8,15.8,11950,390100
2023-01-12,14:48:00,15.8,16.05,13.75,14.0,21000,388400
2023-01-12,14:51:00,14.0,15.65,13.7,15.6,21750,384500
2023-01-12,14:54:00,15.8,16.15,15.15,16.1,15400,384650
2023-01-12,14:57:00,16.0,17.55,15.8,16.6,24400,389500
2023-01-12,15:00:00,16.7,16.7,13.65,14.5,50550,382400
2023-01-12,15:03:00,14.6,14.8,13.3,14.65,104300,382400
2023-01-12,15:06:00,14.8,14.95,13.75,13.8,57200,434100
2023-01-12,15:09:00,13.55,13.75,12.65,12.95,40150,451150
2023-01-12,15:12:00,12.9,14.15,12.8,13.3,34650,463600
2023-01-12,15:15:00,13.3,14.05,13.2,14.0,57200,474750
2023-01-12,15:18:00,13.85,14.55,13.85,14.35,82250,495750
2023-01-12,15:21:00,14.4,14.7,14.15,14.4,55400,526050
2023-01-12,15:24:00,14.3,15.8,14.25,15.75,75400,540450
2023-01-12,15:27:00,15.8,16.65,15.55,15.75,71300,556900
2023-01-13,09:15:00,9.6,17.55,9.6,17.35,512000,704300
2023-01-13,09:18:00,17.05,18.2,15.55,16.5,386600,812000
2023-01-13,09:21:00,16.3,17.45,15.65,16.35,250150,837900
2023-01-13,09:24:00,16.35,16.75,14.3,14.85,243600,836950
2023-01-13,09:27:00,14.8,15.0,13.05,14.2,276400,810500
2023-01-13,09:30:00,14.15,14.5,12.45,13.0,144100,863450
2023-01-13,09:33:00,13.05,13.05,10.1,10.4,328900,802900
2023-01-13,09:36:00,10.2,11.45,9.6,11.45,336650,818550
2023-01-13,09:39:00,11.3,12.5,10.45,12.4,151350,833750
2023-01-13,09:42:00,12.5,15.2,12.4,14.65,240100,861250
2023-01-13,09:45:00,14.8,15.35,13.0,13.75,218350,893000
2023-01-13,09:48:00,13.95,14.9,13.5,13.85,87750,913900
2023-01-13,09:51:00,14.05,14.05,11.4,12.85,192300,909250
2023-01-13,09:54:00,12.8,14.4,12.2,14.35,151000,945300
2023-01-13,09:57:00,14.45,14.95,13.5,14.65,88500,966200
2023-01-13,10:00:00,14.7,14.75,12.25,13.3,161450,966650
2023-01-13,10:03:00,13.35,14.6,13.3,14.3,95700,966300
2023-01-13,10:06:00,14.4,15.5,14.15,14.2,117050,951950
2023-01-13,10:09:00,14.4,14.95,13.55,14.5,86500,947950
2023-01-13,10:12:00,14.6,14.75,13.7,14.75,39450,959450
2023-01-13,10:15:00,14.75,14.8,12.6,13.15,102850,968800
2023-01-13,10:18:00,13.2,13.65,12.7,12.95,59300,988800
2023-01-13,10:21:00,13.05,13.05,11.7,13.0,165750,992450
2023-01-13,10:24:00,12.95,12.95,11.3,12.5,108850,990300
2023-01-13,10:27:00,12.5,13.0,12.15,12.95,46600,999100
2023-01-13,10:30:00,12.95,13.45,11.85,12.4,46950,981000
2023-01-13,10:33:00,12.4,13.2,11.4,12.0,44300,984350
2023-01-13,10:36:00,12.0,12.55,11.35,11.6,52100,981200
2023-01-13,10:39:00,11.65,12.0,10.8,11.0,69800,988850
2023-01-13,10:42:00,10.95,11.3,10.55,11.25,82100,968900
2023-01-13,10:45:00,11.2,11.7,10.8,11.5,60600,985200
2023-01-13,10:48:00,11.4,11.5,9.55,10.5,271350,991500
2023-01-13,10:51:00,10.55,11.35,10.5,10.85,115300,1022350
2023-01-13,10:54:00,10.85,11.2,10.65,11.2,34950,1021000
2023-01-13,10:57:00,11.3,11.7,11.0,11.4,107700,1014050
2023-01-13,11:00:00,11.6,11.75,10.9,11.2,67900,1023800
2023-01-13,11:03:00,11.25,11.3,10.3,10.3,57500,1017500
2023-01-13,11:06:00,10.3,10.7,10.15,10.4,40850,1017050
2023-01-13,11:09:00,10.4,10.65,9.9,10.35,73500,1013750
2023-01-13,11:12:00,10.35,10.8,10.25,10.5,69050,1021100
2023-01-13,11:15:00,10.5,10.8,10.2,10.25,63750,1027200
2023-01-13,11:18:00,10.25,10.6,10.1,10.5,40900,1037150
2023-01-13,11:21:00,10.5,10.55,9.45,9.8,86850,1024650
2023-01-13,11:24:00,9.75,9.95,9.45,9.7,45650,1033450
2023-01-13,11:27:00,9.75,10.05,9.65,10.05,59700,1046850
2023-01-13,11:30:00,10.0,10.6,9.9,10.55,52250,1054550
2023-01-13,11:33:00,10.4,10.6,9.5,9.65,62150,1052300
2023-01-13,11:36:00,9.75,9.8,9.2,9.3,104900,1032500
2023-01-13,11:39:00,9.25,10.0,9.25,10.0,151750,1044150
2023-01-13,11:42:00,10.0,10.2,9.8,10.1,88550,1050950
2023-01-13,11:45:00,10.15,10.2,9.55,9.65,56000,1062400
2023-01-13,11:48:00,9.7,9.9,9.4,9.75,38250,1061850
2023-01-13,11:51:00,9.8,9.85,9.45,9.55,27300,1056450
2023-01-13,11:54:00,9.55,9.6,8.4,9.1,320750,1089400
2023-01-13,11:57:00,9.0,9.25,8.7,9.05,150250,1090050
2023-01-13,12:00:00,8.95,9.25,8.65,8.65,67350,1103200
2023-01-13,12:03:00,8.55,8.95,8.35,8.8,168750,1109050
2023-01-13,12:06:00,8.8,8.9,8.4,8.6,46550,1102200
2023-01-13,12:09:00,8.6,8.6,7.7,8.15,215150,1088350
2023-01-13,12:12:00,8.15,8.35,7.6,7.85,199450,1125250
2023-01-13,12:15:00,7.85,7.9,7.15,7.45,294400,1107350
2023-01-13,12:18:00,7.45,7.55,7.1,7.5,245350,1134500
2023-01-13,12:21:00,7.45,7.5,7.0,7.35,274600,1137350
2023-01-13,12:24:00,7.3,7.5,7.15,7.45,236850,1114700
2023-01-13,12:27:00,7.45,7.5,7.15,7.25,156100,1113550
2023-01-13,12:30:00,7.2,7.4,7.0,7.35,224800,1107500
2023-01-13,12:33:00,7.35,7.55,7.2,7.35,143300,1106800
2023-01-13,12:36:00,7.35,7.45,7.05,7.1,154650,1117900
2023-01-13,12:39:00,7.1,7.3,6.9,7.05,133400,1105150
2023-01-13,12:42:00,7.05,7.35,7.05,7.2,149500,1109500
2023-01-13,12:45:00,7.2,7.45,7.1,7.25,80900,1107950
2023-01-13,12:48:00,7.25,7.25,6.6,6.75,330900,1107950
2023-01-13,12:51:00,6.7,6.9,6.65,6.8,164600,1084850
2023-01-13,12:54:00,6.8,6.85,6.65,6.75,82800,1068850
2023-01-13,12:57:00,6.75,6.85,6.6,6.65,94900,1090350
2023-01-13,13:00:00,6.6,6.65,6.45,6.6,147750,1073950
2023-01-13,13:03:00,6.6,6.7,6.4,6.65,116800,1061000
2023-01-13,13:06:00,6.6,6.7,6.5,6.6,70000,1065150
2023-01-13,13:09:00,6.55,6.7,6.2,6.25,84050,1055550
2023-01-13,13:12:00,6.3,6.3,6.1,6.15,168150,1077200
2023-01-13,13:15:00,6.2,6.3,6.1,6.2,77000,1071250
2023-01-13,13:18:00,6.25,6.65,6.15,6.65,68050,1061550
2023-01-13,13:21:00,6.55,6.65,6.35,6.35,108000,1056950
2023-01-13,13:24:00,6.35,6.5,6.35,6.4,61650,1056400
2023-01-13,13:27:00,6.35,6.4,6.25,6.35,115400,1055250
2023-01-13,13:30:00,6.35,6.65,6.3,6.55,59200,1032450
2023-01-13,13:33:00,6.55,6.65,6.5,6.65,36550,1030250
2023-01-13,13:36:00,6.65,6.7,6.5,6.65,30700,1025550
2023-01-13,13:39:00,6.65,6.7,6.35,6.35,56450,1030400
2023-01-13,13:42:00,6.35,6.4,5.85,6.2,56450,1030200
2023-01-13,13:45:00,6.15,6.2,6.0,6.1,59550,1031050
2023-01-13,13:48:00,6.1,6.15,6.0,6.0,97000,1048150
2023-01-13,13:51:00,6.0,6.05,5.75,5.85,99300,1048650
2023-01-13,13:54:00,5.85,5.95,5.8,5.9,28800,1045450
2023-01-13,13:57:00,5.9,6.05,5.85,5.95,18050,1046800
2023-01-13,14:00:00,5.95,6.0,5.65,5.7,53250,1043900
2023-01-13,14:03:00,5.7,5.75,5.55,5.6,68350,1019850
2023-01-13,14:06:00,5.6,5.75,5.55,5.65,73900,1009250
2023-01-13,14:09:00,5.65,5.65,5.45,5.6,53900,998150
2023-01-13,14:12:00,5.6,5.7,5.55,5.6,35500,981000
2023-01-13,14:15:00,5.6,5.7,5.55,5.6,36050,975950
2023-01-13,14:18:00,5.6,5.85,5.6,5.85,31150,981200
2023-01-13,14:21:00,5.85,6.05,5.75,5.9,64600,982950
2023-01-13,14:24:00,5.85,6.0,5.8,5.85,97000,977300
2023-01-13,14:27:00,5.85,5.85,5.65,5.7,44450,971450
2023-01-13,14:30:00,5.75,5.95,5.7,5.8,73550,946050
2023-01-13,14:33:00,5.75,5.8,5.6,5.75,36500,936150
2023-01-13,14:36:00,5.75,5.85,5.65,5.75,45950,926250
2023-01-13,14:39:00,5.75,5.9,5.65,5.65,61500,938150
2023-01-13,14:42:00,5.65,5.85,5.6,5.8,58650,940250
2023-01-13,14:45:00,5.8,5.95,5.5,5.6,84250,939950
2023-01-13,14:48:00,5.65,5.8,5.6,5.7,85750,911250
2023-01-13,14:51:00,5.7,5.85,5.6,5.7,93600,958250
2023-01-13,14:54:00,5.7,5.85,5.55,5.65,87750,1003750
2023-01-13,14:57:00,5.65,5.75,5.4,5.6,112950,1011400
2023-01-13,15:00:00,5.65,5.7,5.35,5.45,115200,1071000
2023-01-13,15:03:00,5.45,6.15,5.4,6.1,130850,1070800
2023-01-13,15:06:00,6.05,6.25,5.0,5.25,591500,1043950
2023-01-13,15:09:00,5.25,5.45,5.0,5.35,99700,937900
2023-01-13,15:12:00,5.4,5.4,5.15,5.3,64700,904300
2023-01-13,15:15:00,5.3,5.5,5.2,5.2,60150,891600
2023-01-13,15:18:00,5.2,5.3,5.0,5.0,117000,866150
2023-01-13,15:21:00,5.1,5.45,5.0,5.3,103750,854250
2023-01-13,15:24:00,5.35,5.4,5.1,5.35,107950,835400
2023-01-13,15:27:00,5.35,5.8,5.05,5.05,109800,842600
2023-01-16,09:15:00,5.05,5.05,3.6,4.0,259400,818900
2023-01-16,09:18:00,4.0,4.0,3.8,4.0,304900,891650
2023-01-16,09:21:00,4.0,4.45,3.85,4.15,337350,904000
2023-01-16,09:24:00,4.15,4.45,3.8,3.9,218500,921100
2023-01-16,09:27:00,3.9,4.1,3.6,3.6,168650,939700
2023-01-16,09:30:00,3.7,4.05,3.55,3.65,91750,935800
2023-01-16,09:33:00,3.7,4.05,3.65,4.05,72500,935250
2023-01-16,09:36:00,4.05,4.25,3.55,3.6,136850,947950
2023-01-16,09:39:00,3.65,3.75,3.35,3.5,150050,918900
2023-01-16,09:42:00,3.55,3.6,3.35,3.55,52400,908000
2023-01-16,09:45:00,3.6,3.8,3.55,3.75,75500,917700
2023-01-16,09:48:00,3.75,4.05,3.65,3.85,168750,925450
2023-01-16,09:51:00,3.85,4.15,3.65,3.65,132550,922650
2023-01-16,09:54:00,3.65,3.8,3.4,3.5,134750,916250
2023-01-16,09:57:00,3.5,3.5,3.2,3.2,82800,911400
2023-01-16,10:00:00,3.25,3.35,3.15,3.35,78600,916400
2023-01-16,10:03:00,3.4,3.45,3.3,3.35,126700,912000
2023-01-16,10:06:00,3.35,3.55,3.15,3.25,72400,915400
2023-01-16,10:09:00,3.25,3.25,2.9,3.15,76450,907600
2023-01-16,10:12:00,3.15,3.25,3.0,3.15,76500,929950
2023-01-16,10:15:00,3.15,3.35,3.1,3.3,118400,937350
2023-01-16,10:18:00,3.4,3.4,3.05,3.1,104500,930500
2023-01-16,10:21:00,3.15,3.3,3.1,3.1,212900,912600
2023-01-16,10:24:00,3.1,3.15,2.9,2.9,82550,909850
2023-01-16,10:27:00,2.9,3.05,2.85,3.0,67450,905250
2023-01-16,10:30:00,3.0,3.1,3.0,3.0,14650,899300
2023-01-16,10:33:00,3.0,3.05,2.9,3.05,41100,891250
2023-01-16,10:36:00,3.05,3.1,2.9,2.95,27550,894050
2023-01-16,10:39:00,3.0,3.0,2.85,2.9,25300,886500
2023-01-16,10:42:00,2.9,2.95,2.85,2.9,19150,893400
2023-01-16,10:45:00,2.9,2.95,2.85,2.9,35050,890800
2023-01-16,10:48:00,2.9,3.05,2.9,3.05,27050,886100
2023-01-16,10:51:00,3.05,3.15,2.9,2.9,32900,877000
2023-01-16,10:54:00,2.9,3.1,2.85,3.0,33850,872950
2023-01-16,10:57:00,3.0,3.05,2.8,2.85,14850,871200
2023-01-16,11:00:00,2.85,3.05,2.8,2.9,33850,863900
2023-01-16,11:03:00,2.9,3.1,2.8,3.05,33800,869750
2023-01-16,11:06:00,3.1,3.25,2.85,2.85,87100,880250
2023-01-16,11:09:00,2.85,3.0,2.8,3.0,37150,883700
2023-01-16,11:12:00,3.0,3.1,2.95,3.05,22250,882000
2023-01-16,11:15:00,3.05,3.25,3.05,3.1,104850,885800
2023-01-16,11:18:00,3.15,3.45,3.1,3.35,163300,886150
2023-01-16,11:21:00,3.35,3.45,3.0,3.15,97900,875000
2023-01-16,11:24:00,3.15,3.25,3.0,3.15,47350,870800
2023-01-16,11:27:00,3.15,3.2,2.95,3.0,36250,874350
2023-01-16,11:30:00,3.0,3.2,3.0,3.15,33850,876650
2023-01-16,11:33:00,3.15,3.35,3.05,3.3,29300,873900
2023-01-16,11:36:00,3.3,3.3,3.15,3.2,49100,877400
2023-01-16,11:39:00,3.2,3.25,3.1,3.15,19800,879300
2023-01-16,11:42:00,3.15,3.15,2.95,3.0,52600,892300
2023-01-16,11:45:00,3.0,3.15,3.0,3.05,37950,891150
2023-01-16,11:48:00,3.05,3.25,3.0,3.15,47650,891150
2023-01-16,11:51:00,3.15,3.3,3.1,3.15,53300,892250
2023-01-16,11:54:00,3.15,3.25,3.1,3.2,53700,895150
2023-01-16,11:57:00,3.2,3.25,3.1,3.1,25450,879750
2023-01-16,12:00:00,3.15,3.2,3.05,3.15,60000,879750
2023-01-16,12:03:00,3.15,3.25,3.05,3.1,73600,884200
2023-01-16,12:06:00,3.1,3.15,3.05,3.15,39550,884200
2023-01-16,12:09:00,3.15,3.15,3.0,3.1,73650,896750
2023-01-16,12:12:00,3.1,3.2,3.05,3.15,53450,910650
2023-01-16,12:15:00,3.1,3.25,3.1,3.25,65450,910650
2023-01-16,12:18:00,3.25,3.3,3.15,3.25,45450,911000
2023-01-16,12:21:00,3.25,3.6,3.25,3.4,94000,905000
2023-01-16,12:24:00,3.45,3.45,3.2,3.25,86350,919350
2023-01-16,12:27:00,3.25,3.35,3.2,3.3,46150,929150
2023-01-16,12:30:00,3.3,3.75,3.3,3.75,76950,910350
2023-01-16,12:33:00,3.75,3.8,3.5,3.55,91800,911800
2023-01-16,12:36:00,3.5,3.55,3.3,3.45,124450,922100
2023-01-16,12:39:00,3.45,3.7,3.45,3.65,62250,934850
2023-01-16,12:42:00,3.65,3.7,3.55,3.65,120050,940900
2023-01-16,12:45:00,3.65,3.8,3.65,3.7,115550,947200
2023-01-16,12:48:00,3.7,3.75,3.6,3.7,34200,965900
2023-01-16,12:51:00,3.65,3.8,3.6,3.7,105300,964050
2023-01-16,12:54:00,3.7,3.75,3.6,3.65,85200,965350
2023-01-16,12:57:00,3.65,3.75,3.55,3.65,29850,962850
2023-01-16,13:00:00,3.65,3.7,3.4,3.6,69950,972950
2023-01-16,13:03:00,3.55,3.65,3.4,3.5,56200,972900
2023-01-16,13:06:00,3.5,3.6,3.3,3.3,108250,980000
2023-01-16,13:09:00,3.25,3.3,3.1,3.2,139450,980950
2023-01-16,13:12:00,3.2,3.3,3.0,3.15,191050,984550
2023-01-16,13:15:00,3.15,3.2,2.9,3.0,77150,993250
2023-01-16,13:18:00,3.0,3.1,2.8,2.85,71900,1000050
2023-01-16,13:21:00,2.85,2.9,2.7,2.7,26850,995200
2023-01-16,13:24:00,2.7,2.8,2.65,2.75,44050,992300
2023-01-16,13:27:00,2.75,2.85,2.75,2.8,35000,1000200
2023-01-16,13:30:00,2.8,2.8,2.6,2.6,88450,997750
2023-01-16,13:33:00,2.6,2.7,2.55,2.65,96900,976850
2023-01-16,13:36:00,2.65,2.8,2.65,2.75,69300,971900
2023-01-16,13:39:00,2.75,2.8,2.65,2.7,45500,955750
2023-01-16,13:42:00,2.75,2.85,2.65,2.75,72100,953250
2023-01-16,13:45:00,2.8,2.95,2.75,2.85,168500,946800
2023-01-16,13:48:00,2.85,2.95,2.75,2.9,96550,940750
2023-01-16,13:51:00,2.95,3.05,2.85,2.95,103000,942500
2023-01-16,13:54:00,2.95,3.3,2.95,3.25,123300,941450
2023-01-16,13:57:00,3.25,3.35,3.1,3.15,174550,950100
2023-01-16,14:00:00,3.15,3.6,3.1,3.15,316450,963900
2023-01-16,14:03:00,3.2,3.45,3.05,3.25,182350,950550
2023-01-16,14:06:00,3.25,3.35,3.05,3.25,149200,951550
2023-01-16,14:09:00,3.25,3.45,3.15,3.45,109300,952300
2023-01-16,14:12:00,3.45,3.5,3.2,3.3,85750,969450
2023-01-16,14:15:00,3.3,3.45,3.1,3.25,115700,970400
2023-01-16,14:18:00,3.25,3.4,3.15,3.3,99400,970100
2023-01-16,14:21:00,3.3,3.35,3.2,3.25,43500,971600
2023-01-16,14:24:00,3.3,3.45,3.2,3.3,167200,964200
2023-01-16,14:27:00,3.3,3.35,3.1,3.3,136800,970900
2023-01-16,14:30:00,3.3,3.3,2.65,2.7,185350,1007500
2023-01-16,14:33:00,2.75,3.05,2.7,3.05,105300,1013400
2023-01-16,14:36:00,3.05,3.3,2.9,2.95,88800,1021200
2023-01-16,14:39:00,2.95,3.05,2.8,3.0,57950,1030600
2023-01-16,14:42:00,3.0,3.1,2.8,3.0,67950,1036850
2023-01-16,14:45:00,3.0,3.15,2.95,3.15,136800,1041050
2023-01-16,14:48:00,3.1,3.2,2.9,3.1,141700,1092250
2023-01-16,14:51:00,3.1,3.25,2.9,2.9,99900,1097350
2023-01-16,14:54:00,2.9,3.05,2.9,3.0,75900,1099100
2023-01-16,14:57:00,3.0,3.05,2.75,2.9,132850,1100650
2023-01-16,15:00:00,2.8,3.0,2.65,2.85,410000,1085850
2023-01-16,15:03:00,2.85,3.0,2.55,2.7,120850,1059350
2023-01-16,15:06:00,2.7,2.75,2.4,2.5,109350,1055150
2023-01-16,15:09:00,2.5,2.6,2.4,2.5,132500,1034500
2023-01-16,15:12:00,2.45,2.5,2.35,2.5,105950,1016000
2023-01-16,15:15:00,2.5,2.5,2.35,2.4,89000,1019700
2023-01-16,15:18:00,2.4,2.4,2.2,2.25,83550,1010850
2023-01-16,15:21:00,2.25,2.45,2.2,2.4,113700,998600
2023-01-16,15:24:00,2.4,2.65,2.4,2.65,121350,1002200
2023-01-16,15:27:00,2.65,3.05,2.6,2.7,147900,1024550
2023-01-17,09:15:00,2.5,3.75,2.0,3.6,552700,1053000
2023-01-17,09:18:00,3.6,3.65,2.85,2.85,289350,1085050
2023-01-17,09:21:00,2.9,3.55,2.85,3.5,400500,1093650
2023-01-17,09:24:00,3.5,3.55,3.15,3.2,230850,1125750
2023-01-17,09:27:00,3.2,3.5,3.15,3.25,166850,1108100
2023-01-17,09:30:00,3.2,3.5,3.2,3.2,96150,1115450
2023-01-17,09:33:00,3.25,3.5,3.15,3.45,194300,1128550
2023-01-17,09:36:00,3.5,3.55,3.4,3.5,76550,1146450
2023-01-17,09:39:00,3.5,3.5,3.35,3.45,59550,1151100
2023-01-17,09:42:00,3.45,3.45,3.35,3.35,39850,1160100
2023-01-17,09:45:00,3.4,3.45,3.35,3.35,40900,1158900
2023-01-17,09:48:00,3.35,3.35,3.05,3.15,99400,1162200
2023-01-17,09:51:00,3.15,3.25,3.1,3.2,67400,1148600
2023-01-17,09:54:00,3.2,3.25,3.2,3.2,68300,1163300
2023-01-17,09:57:00,3.2,3.25,3.15,3.25,62150,1157500
2023-01-17,10:00:00,3.2,3.25,3.05,3.1,83600,1162550
2023-01-17,10:03:00,3.05,3.15,3.05,3.1,77700,1150100
2023-01-17,10:06:00,3.1,3.2,3.1,3.15,96750,1112150
2023-01-17,10:09:00,3.2,3.2,3.0,3.0,71650,1098850
2023-01-17,10:12:00,3.0,3.0,2.85,2.85,135950,1078350
2023-01-17,10:15:00,2.85,2.95,2.75,2.9,70950,1056050
2023-01-17,10:18:00,2.9,2.95,2.85,2.85,47950,1048000
2023-01-17,10:21:00,2.85,2.9,2.8,2.85,25300,1042600
2023-01-17,10:24:00,2.85,2.9,2.8,2.85,40250,1039200
2023-01-17,10:27:00,2.85,2.85,2.7,2.75,46150,1038200
2023-01-17,10:30:00,2.7,2.8,2.7,2.8,28300,1035400
2023-01-17,10:33:00,2.8,2.9,2.75,2.9,42200,1031500
2023-01-17,10:36:00,2.9,2.9,2.75,2.75,38000,1029000
2023-01-17,10:39:00,2.8,2.8,2.75,2.8,6000,1025550
2023-01-17,10:42:00,2.8,2.8,2.7,2.75,21500,1022900
2023-01-17,10:45:00,2.75,2.75,2.7,2.7,18050,1018750
2023-01-17,10:48:00,2.7,2.75,2.6,2.6,55300,1016500
2023-01-17,10:51:00,2.6,2.65,2.6,2.6,17850,1010000
2023-01-17,10:54:00,2.6,2.65,2.5,2.55,94950,982250
2023-01-17,10:57:00,2.55,2.75,2.55,2.7,65800,959950
2023-01-17,11:00:00,2.7,2.75,2.6,2.65,14350,947800
2023-01-17,11:03:00,2.65,2.8,2.65,2.75,48000,956000
2023-01-17,11:06:00,2.75,2.8,2.7,2.7,27600,960450
2023-01-17,11:09:00,2.7,2.7,2.5,2.55,56900,939050
2023-01-17,11:12:00,2.55,2.55,2.5,2.55,24900,933150
2023-01-17,11:15:00,2.55,2.6,2.5,2.55,18600,934200
2023-01-17,11:18:00,2.55,2.6,2.4,2.45,51400,934200
2023-01-17,11:21:00,2.45,2.45,2.4,2.45,15800,921800
2023-01-17,11:24:00,2.45,2.5,2.45,2.5,12450,918700
2023-01-17,11:27:00,2.5,2.5,2.45,2.45,15850,924000
2023-01-17,11:30:00,2.45,2.5,2.4,2.4,26000,924000
2023-01-17,11:33:00,2.4,2.4,2.35,2.35,30850,916900
2023-01-17,11:36:00,2.35,2.4,2.3,2.4,18000,907550
2023-01-17,11:39:00,2.4,2.45,2.35,2.4,22600,916400
2023-01-17,11:42:00,2.45,2.45,2.35,2.4,4850,916400
2023-01-17,11:45:00,2.4,2.4,2.35,2.4,14650,919350
2023-01-17,11:48:00,2.4,2.45,2.35,2.4,15750,919350
2023-01-17,11:51:00,2.4,2.4,2.35,2.4,5650,924150
2023-01-17,11:54:00,2.4,2.4,2.35,2.35,17400,927450
2023-01-17,11:57:00,2.35,2.45,2.35,2.45,34400,921900
2023-01-17,12:00:00,2.45,2.45,2.35,2.35,15950,921900
2023-01-17,12:03:00,2.35,2.4,2.35,2.35,5850,924000
2023-01-17,12:06:00,2.35,2.4,2.35,2.35,900,924250
2023-01-17,12:09:00,2.35,2.4,2.35,2.35,11900,921100
2023-01-17,12:12:00,2.35,2.45,2.35,2.4,6450,913500
2023-01-17,12:15:00,2.4,2.45,2.4,2.45,6350,912000
2023-01-17,12:18:00,2.45,2.45,2.4,2.4,12100,916350
2023-01-17,12:21:00,2.4,2.5,2.4,2.4,8200,919050
2023-01-17,12:24:00,2.4,2.45,2.35,2.4,20200,918750
2023-01-17,12:27:00,2.4,2.4,2.35,2.4,4800,910000
2023-01-17,12:30:00,2.4,2.55,2.4,2.5,10900,909500
2023-01-17,12:33:00,2.5,2.5,2.45,2.5,4050,907200
2023-01-17,12:36:00,2.5,2.55,2.5,2.55,4550,908050
2023-01-17,12:39:00,2.55,2.55,2.5,2.5,3850,907900
2023-01-17,12:42:00,2.5,2.65,2.5,2.6,14500,908150
2023-01-17,12:45:00,2.6,2.75,2.6,2.7,20950,912650
2023-01-17,12:48:00,2.7,2.75,2.5,2.5,51200,909100
2023-01-17,12:51:00,2.5,2.55,2.45,2.5,22200,899500
2023-01-17,12:54:00,2.5,2.55,2.4,2.4,31500,898050
2023-01-17,12:57:00,2.4,2.45,2.35,2.4,13200,891200
2023-01-17,13:00:00,2.4,2.45,2.35,2.35,12350,889200
2023-01-17,13:03:00,2.35,2.45,2.35,2.35,9350,887250
2023-01-17,13:06:00,2.35,2.4,2.25,2.3,58100,885950
2023-01-17,13:09:00,2.3,2.3,2.2,2.25,43050,871100
2023-01-17,13:12:00,2.25,2.25,2.2,2.2,32900,856300
2023-01-17,13:15:00,2.2,2.25,2.2,2.25,13600,852650
2023-01-17,13:18:00,2.25,2.25,2.2,2.25,10950,852450
2023-01-17,13:21:00,2.25,2.25,2.25,2.25,1150,851750
2023-01-17,13:24:00,2.25,2.3,2.2,2.3,17150,852350
2023-01-17,13:27:00,2.3,2.3,2.2,2.2,21900,850850
2023-01-17,13:30:00,2.2,2.25,2.15,2.2,23350,848650
2023-01-17,13:33:00,2.2,2.2,2.05,2.15,51800,845750
2023-01-17,13:36:00,2.15,2.2,2.15,2.2,13050,839400
2023-01-17,13:39:00,2.15,2.25,2.15,2.15,68550,842500
2023-01-17,13:42:00,2.15,2.2,2.15,2.15,4600,821000
2023-01-17,13:45:00,2.15,2.2,2.1,2.15,18000,821600
2023-01-17,13:48:00,2.15,2.15,2.1,2.1,13250,813950
2023-01-17,13:51:00,2.1,2.2,2.1,2.2,20450,814550
2023-01-17,13:54:00,2.2,2.25,2.15,2.2,33000,819900
2023-01-17,13:57:00,2.15,2.3,2.15,2.2,22300,803450
2023-01-17,14:00:00,2.2,2.25,2.1,2.1,17600,802600
2023-01-17,14:03:00,2.1,2.15,2.05,2.15,19650,812600
2023-01-17,14:06:00,2.15,2.25,2.15,2.2,25400,811550
2023-01-17,14:09:00,2.2,2.2,2.15,2.2,16350,817300
2023-01-17,14:12:00,2.15,2.2,2.15,2.2,19700,824500
2023-01-17,14:15:00,2.2,2.3,2.2,2.25,42950,813850
2023-01-17,14:18:00,2.2,2.35,2.2,2.3,31850,820650
2023-01-17,14:21:00,2.3,2.35,2.25,2.3,16800,826150
2023-01-17,14:24:00,2.3,2.3,2.2,2.2,22050,824700
2023-01-17,14:27:00,2.2,2.2,2.1,2.15,74950,827300
2023-01-17,14:30:00,2.15,2.2,2.15,2.15,18500,799700
2023-01-17,14:33:00,2.15,2.2,2.15,2.15,7050,805200
2023-01-17,14:36:00,2.15,2.15,2.1,2.15,24350,805700
2023-01-17,14:39:00,2.15,2.25,2.1,2.25,32450,805000
2023-01-17,14:42:00,2.25,2.3,2.2,2.2,37850,817350
2023-01-17,14:45:00,2.2,2.25,2.1,2.15,32700,819350
2023-01-17,14:48:00,2.15,2.15,2.05,2.15,60100,808400
2023-01-17,14:51:00,2.15,2.25,2.15,2.15,14450,812300
2023-01-17,14:54:00,2.15,2.2,2.1,2.1,24850,808650
2023-01-17,14:57:00,2.1,2.15,2.05,2.1,19500,807950
2023-01-17,15:00:00,2.05,2.1,1.9,2.0,50400,791100
2023-01-17,15:03:00,2.0,2.05,1.95,1.95,94650,802050
2023-01-17,15:06:00,1.95,2.0,1.9,1.95,37100,803900
2023-01-17,15:09:00,1.95,2.05,1.95,2.0,74450,801450
2023-01-17,15:12:00,2.0,2.1,1.95,2.05,117700,799500
2023-01-17,15:15:00,2.05,2.3,2.05,2.25,186950,844400
2023-01-17,15:18:00,2.25,2.3,2.2,2.25,83300,883200
2023-01-17,15:21:00,2.25,2.4,2.25,2.25,160150,860300
2023-01-17,15:24:00,2.3,2.35,2.2,2.25,99000,858600
2023-01-17,15:27:00,2.25,2.3,2.1,2.25,120500,846000
2023-01-18,09:15:00,1.7,2.0,1.7,1.95,244350,845750
2023-01-18,09:18:00,1.95,2.05,1.9,1.95,344150,882550
2023-01-18,09:21:00,1.95,1.95,1.75,1.75,119550,881100
2023-01-18,09:24:00,1.8,1.9,1.75,1.85,137650,864100
2023-01-18,09:27:00,1.85,1.85,1.7,1.75,133200,907950
2023-01-18,09:30:00,1.75,1.8,1.7,1.8,43400,901000
2023-01-18,09:33:00,1.8,1.8,1.75,1.8,19750,896000
2023-01-18,09:36:00,1.8,1.8,1.7,1.75,28000,892600
2023-01-18,09:39:00,1.75,1.75,1.65,1.75,50500,895700
2023-01-18,09:42:00,1.75,1.8,1.7,1.75,41250,906400
2023-01-18,09:45:00,1.75,1.8,1.7,1.8,33350,912050
2023-01-18,09:48:00,1.8,1.85,1.75,1.85,29500,916150
2023-01-18,09:51:00,1.85,1.9,1.8,1.85,29450,922250
2023-01-18,09:54:00,1.85,1.85,1.75,1.75,69200,916700
2023-01-18,09:57:00,1.75,1.8,1.75,1.8,45350,917050
2023-01-18,10:00:00,1.8,1.85,1.75,1.8,169550,963450
2023-01-18,10:03:00,1.8,1.85,1.75,1.85,177500,1031300
2023-01-18,10:06:00,1.85,1.9,1.85,1.85,9750,1030400
2023-01-18,10:09:00,1.85,1.95,1.85,1.95,42700,1037600
2023-01-18,10:12:00,1.95,1.95,1.9,1.95,40250,1050400
2023-01-18,10:15:00,1.95,1.95,1.85,1.9,17350,1048300
2023-01-18,10:18:00,1.85,1.9,1.85,1.85,15850,1046550
2023-01-18,10:21:00,1.85,1.95,1.85,1.9,70150,1026900
2023-01-18,10:24:00,1.9,1.9,1.85,1.85,17750,1026900
2023-01-18,10:27:00,1.85,1.95,1.85,1.9,24050,1031200
2023-01-18,10:30:00,1.9,1.9,1.85,1.85,9250,1036700
2023-01-18,10:33:00,1.85,1.9,1.8,1.85,31350,1026400
2023-01-18,10:36:00,1.85,1.85,1.8,1.85,21350,1026400
2023-01-18,10:39:00,1.85,1.85,1.8,1.85,10750,1033700
2023-01-18,10:42:00,1.85,1.9,1.8,1.85,28150,1022400
2023-01-18,10:45:00,1.85,1.85,1.75,1.75,27950,1022400
2023-01-18,10:48:00,1.75,1.8,1.75,1.75,30700,1012900
2023-01-18,10:51:00,1.75,1.8,1.7,1.75,55450,1003850
2023-01-18,10:54:00,1.7,1.75,1.65,1.65,50650,990450
2023-01-18,10:57:00,1.65,1.65,1.6,1.6,16200,990450
2023-01-18,11:00:00,1.6,1.65,1.6,1.6,12600,994900
2023-01-18,11:03:00,1.6,1.65,1.55,1.55,34550,994900
2023-01-18,11:06:00,1.55,1.75,1.55,1.75,45550,992200
2023-01-18,11:09:00,1.75,1.8,1.7,1.8,21950,993700
2023-01-18,11:12:00,1.8,1.85,1.8,1.85,42250,978100
2023-01-18,11:15:00,1.85,1.9,1.8,1.9,38550,967250
2023-01-18,11:18:00,1.9,1.95,1.85,1.9,96700,967250
2023-01-18,11:21:00,1.9,2.0,1.9,1.9,56700,964050
2023-01-18,11:24:00,1.9,2.0,1.9,1.95,57300,969750
2023-01-18,11:27:00,1.95,2.05,1.95,2.0,53600,969750
2023-01-18,11:30:00,2.0,2.05,1.95,2.0,30950,958500
2023-01-18,11:33:00,2.0,2.1,1.95,2.1,48750,954900
2023-01-18,11:36:00,2.1,2.15,2.05,2.15,25300,959350
2023-01-18,11:39:00,2.15,2.15,2.05,2.1,242650,948950
2023-01-18,11:42:00,2.1,2.2,2.1,2.2,46650,1052050
2023-01-18,11:45:00,2.2,2.2,2.1,2.1,47200,1057500
2023-01-18,11:48:00,2.1,2.15,2.05,2.1,32450,1035850
2023-01-18,11:51:00,2.1,2.1,2.05,2.05,19300,1019100
2023-01-18,11:54:00,2.05,2.1,2.0,2.05,18450,1026950
2023-01-18,11:57:00,2.05,2.05,2.0,2.05,7050,1026550
2023-01-18,12:00:00,2.05,2.1,2.0,2.0,29750,1028400
2023-01-18,12:03:00,2.0,2.0,1.95,2.0,20050,1026900
2023-01-18,12:06:00,2.0,2.0,1.95,2.0,16750,1019200
2023-01-18,12:09:00,2.0,2.0,1.8,1.8,84700,1021050
2023-01-18,12:12:00,1.8,1.85,1.8,1.8,25250,1014100
2023-01-18,12:15:00,1.8,1.9,1.8,1.85,24750,1017450
2023-01-18,12:18:00,1.85,1.9,1.8,1.85,37250,1009350
2023-01-18,12:21:00,1.85,1.85,1.75,1.75,35650,1016150
2023-01-18,12:24:00,1.75,1.8,1.75,1.8,11950,1023400
2023-01-18,12:27:00,1.8,1.8,1.75,1.8,3050,1023300
2023-01-18,12:30:00,1.8,1.9,1.75,1.85,13800,1020700
2023-01-18,12:33:00,1.85,1.9,1.85,1.9,17000,1023850
2023-01-18,12:36:00,1.9,1.9,1.85,1.85,11800,1021950
2023-01-18,12:39:00,1.85,1.9,1.7,1.7,44200,1018200
2023-01-18,12:42:00,1.7,1.7,1.65,1.7,26000,1008450
2023-01-18,12:45:00,1.7,1.7,1.65,1.7,11000,1009250
2023-01-18,12:48:00,1.7,1.7,1.65,1.65,4750,1012050
2023-01-18,12:51:00,1.65,1.7,1.65,1.7,9150,1010900
2023-01-18,12:54:00,1.7,1.7,1.65,1.7,8500,1010200
2023-01-18,12:57:00,1.7,1.7,1.65,1.65,20950,1006850
2023-01-18,13:00:00,1.65,1.65,1.6,1.6,15050,1007700
2023-01-18,13:03:00,1.6,1.65,1.6,1.6,8200,1006700
2023-01-18,13:06:00,1.6,1.65,1.55,1.6,7250,1006200
2023-01-18,13:09:00,1.6,1.6,1.55,1.6,23400,1003850
2023-01-18,13:12:00,1.6,1.65,1.6,1.6,9000,988950
2023-01-18,13:15:00,1.6,1.65,1.55,1.55,11450,984100
2023-01-18,13:18:00,1.55,1.6,1.5,1.5,30150,986350
2023-01-18,13:21:00,1.5,1.55,1.5,1.55,6050,977650
2023-01-18,13:24:00,1.55,1.55,1.5,1.55,4050,972900
2023-01-18,13:27:00,1.55,1.55,1.5,1.55,4100,971400
2023-01-18,13:30:00,1.55,1.6,1.5,1.55,27150,973750
2023-01-18,13:33:00,1.55,1.55,1.5,1.55,15450,964550
2023-01-18,13:36:00,1.55,1.55,1.5,1.5,23650,968900
2023-01-18,13:39:00,1.5,1.6,1.5,1.6,26750,967550
2023-01-18,13:42:00,1.6,1.65,1.55,1.6,36300,966600
2023-01-18,13:45:00,1.6,1.65,1.6,1.6,10900,968650
2023-01-18,13:48:00,1.6,1.6,1.55,1.55,14350,967350
2023-01-18,13:51:00,1.55,1.6,1.55,1.55,8300,963400
2023-01-18,13:54:00,1.55,1.55,1.5,1.55,4250,963300
2023-01-18,13:57:00,1.55,1.55,1.5,1.5,7100,963300
2023-01-18,14:00:00,1.45,1.5,1.4,1.45,16850,962250
2023-01-18,14:03:00,1.45,1.45,1.35,1.45,41200,956550
2023-01-18,14:06:00,1.45,1.45,1.35,1.4,20600,948600
2023-01-18,14:09:00,1.4,1.45,1.4,1.45,10550,947400
2023-01-18,14:12:00,1.45,1.5,1.4,1.45,69500,946750
2023-01-18,14:15:00,1.45,1.5,1.4,1.45,60850,904250
2023-01-18,14:18:00,1.45,1.55,1.45,1.55,29100,896550
2023-01-18,14:21:00,1.55,1.6,1.5,1.6,18900,906350
2023-01-18,14:24:00,1.6,1.6,1.5,1.5,27400,908650
2023-01-18,14:27:00,1.5,1.5,1.45,1.45,12550,898500
2023-01-18,14:30:00,1.45,1.55,1.45,1.55,21550,893100
2023-01-18,14:33:00,1.55,1.55,1.5,1.5,4900,896700
2023-01-18,14:36:00,1.5,1.5,1.45,1.45,20900,893900
2023-01-18,14:39:00,1.45,1.5,1.45,1.5,6350,887950
2023-01-18,14:42:00,1.5,1.55,1.45,1.45,30700,889500
2023-01-18,14:45:00,1.45,1.55,1.45,1.45,41900,883550
2023-01-18,14:48:00,1.45,1.45,1.4,1.4,36850,887600
2023-01-18,14:51:00,1.4,1.45,1.35,1.4,40500,880700
2023-01-18,14:54:00,1.4,1.5,1.4,1.4,26800,872900
2023-01-18,14:57:00,1.4,1.45,1.3,1.45,96650,863150
2023-01-18,15:00:00,1.45,1.55,1.4,1.45,66400,849850
2023-01-18,15:03:00,1.5,1.55,1.45,1.45,95550,845200
2023-01-18,15:06:00,1.5,1.5,1.4,1.45,131950,844250
2023-01-18,15:09:00,1.4,1.45,1.4,1.45,137650,797100
2023-01-18,15:12:00,1.45,1.5,1.45,1.45,44600,807400
2023-01-18,15:15:00,1.45,1.45,1.4,1.45,104950,785850
2023-01-18,15:18:00,1.45,1.5,1.35,1.4,86400,798450
2023-01-18,15:21:00,1.45,1.6,1.4,1.55,49300,790200
2023-01-18,15:24:00,1.55,1.65,1.5,1.55,165900,784750
2023-01-18,15:27:00,1.6,2.2,1.55,2.2,106600,753550
2023-01-19,09:15:00,1.1,1.4,0.9,1.35,212150,759300
2023-01-19,09:18:00,1.3,1.35,1.2,1.3,193600,772000
2023-01-19,09:21:00,1.25,1.3,1.05,1.05,117650,746350
2023-01-19,09:24:00,1.05,1.1,0.85,0.9,109950,746750
2023-01-19,09:27:00,0.9,1.05,0.9,0.9,118000,761050
2023-01-19,09:30:00,0.9,0.9,0.75,0.8,92800,736950
2023-01-19,09:33:00,0.8,0.85,0.7,0.85,52700,733050
2023-01-19,09:36:00,0.85,0.85,0.8,0.8,20900,728200
2023-01-19,09:39:00,0.8,0.85,0.7,0.75,47700,726300
2023-01-19,09:42:00,0.75,0.75,0.7,0.7,40800,709600
2023-01-19,09:45:00,0.7,0.8,0.7,0.75,33900,706500
2023-01-19,09:48:00,0.75,0.75,0.7,0.75,22000,692950
2023-01-19,09:51:00,0.75,0.8,0.7,0.75,7200,695050
2023-01-19,09:54:00,0.75,0.85,0.75,0.8,38900,697600
2023-01-19,09:57:00,0.8,0.9,0.75,0.9,31400,701850
2023-01-19,10:00:00,0.9,0.95,0.85,0.9,28050,696250
2023-01-19,10:03:00,0.9,0.9,0.7,0.7,50400,676000
2023-01-19,10:06:00,0.7,0.75,0.7,0.75,13250,676000
2023-01-19,10:09:00,0.75,0.75,0.65,0.7,33000,673850
2023-01-19,10:12:00,0.7,0.75,0.65,0.7,24300,673850
2023-01-19,10:15:00,0.7,0.75,0.7,0.7,3000,675100
2023-01-19,10:18:00,0.7,0.7,0.65,0.65,2200,669300
2023-01-19,10:21:00,0.65,0.75,0.65,0.7,18400,669300
2023-01-19,10:24:00,0.7,0.75,0.7,0.7,11700,666600
2023-01-19,10:27:00,0.7,0.75,0.7,0.7,7100,660450
2023-01-19,10:30:00,0.7,0.75,0.7,0.75,19900,670550
2023-01-19,10:33:00,0.75,0.8,0.7,0.75,14750,670550
2023-01-19,10:36:00,0.75,0.75,0.7,0.7,29550,660950
2023-01-19,10:39:00,0.75,0.75,0.65,0.7,28050,660900
2023-01-19,10:42:00,0.7,0.7,0.6,0.6,30350,647200
2023-01-19,10:45:00,0.6,0.6,0.55,0.55,29200,647200
2023-01-19,10:48:00,0.55,0.6,0.55,0.55,9700,647950
2023-01-19,10:51:00,0.55,0.7,0.55,0.65,41050,645900
2023-01-19,10:54:00,0.6,0.65,0.6,0.65,13550,638750
2023-01-19,10:57:00,0.6,0.65,0.55,0.6,41450,633700
2023-01-19,11:00:00,0.6,0.85,0.6,0.8,72600,629850
2023-01-19,11:03:00,0.8,0.9,0.75,0.75,49850,635650
2023-01-19,11:06:00,0.75,0.85,0.75,0.8,22650,636000
2023-01-19,11:09:00,0.8,0.8,0.7,0.75,21750,637250
2023-01-19,11:12:00,0.75,0.75,0.65,0.7,23200,638650
2023-01-19,11:15:00,0.7,0.75,0.65,0.7,78900,633350
2023-01-19,11:18:00,0.7,0.8,0.65,0.75,34700,586400
2023-01-19,11:21:00,0.75,0.75,0.7,0.7,10150,579150
2023-01-19,11:24:00,0.7,0.75,0.65,0.65,53650,569250
2023-01-19,11:27:00,0.65,0.7,0.65,0.65,7700,568700
2023-01-19,11:30:00,0.65,0.8,0.65,0.8,212450,566500
2023-01-19,11:33:00,0.8,0.8,0.7,0.7,18300,525250
2023-01-19,11:36:00,0.7,0.75,0.7,0.7,21100,521850
2023-01-19,11:39:00,0.7,0.7,0.65,0.65,11450,518300
2023-01-19,11:42:00,0.65,0.65,0.6,0.6,28300,514200
2023-01-19,11:45:00,0.6,0.65,0.6,0.65,30550,497100
2023-01-19,11:48:00,0.65,0.65,0.6,0.6,350,501250
2023-01-19,11:51:00,0.6,0.6,0.55,0.55,33800,501050
2023-01-19,11:54:00,0.55,0.55,0.5,0.5,30250,501100
2023-01-19,11:57:00,0.5,0.5,0.45,0.5,16600,514550
2023-01-19,12:00:00,0.5,0.55,0.45,0.5,8850,508150
2023-01-19,12:03:00,0.5,0.5,0.45,0.45,9200,506950
2023-01-19,12:06:00,0.45,0.5,0.45,0.45,17950,510450
2023-01-19,12:09:00,0.45,0.5,0.4,0.45,11250,503050
2023-01-19,12:12:00,0.45,0.45,0.4,0.4,18800,502800
2023-01-19,12:15:00,0.4,0.45,0.35,0.35,37600,491700
2023-01-19,12:18:00,0.35,0.45,0.35,0.4,5600,475500
2023-01-19,12:21:00,0.4,0.4,0.35,0.35,2950,470850
2023-01-19,12:24:00,0.35,0.4,0.35,0.35,4500,474350
2023-01-19,12:27:00,0.35,0.4,0.35,0.35,12800,475250
2023-01-19,12:30:00,0.35,0.4,0.35,0.35,7800,468750
2023-01-19,12:33:00,0.35,0.4,0.35,0.4,3450,462750
2023-01-19,12:36:00,0.4,0.4,0.35,0.35,5100,458800
2023-01-19,12:39:00,0.35,0.4,0.35,0.4,3550,456800
2023-01-19,12:42:00,0.4,0.4,0.35,0.35,4600,449500
2023-01-19,12:45:00,0.35,0.4,0.35,0.35,15950,449500
2023-01-19,12:48:00,0.35,0.45,0.35,0.4,17450,437850
2023-01-19,12:51:00,0.4,0.45,0.35,0.4,4900,443950
2023-01-19,12:54:00,0.4,0.4,0.35,0.4,19650,442450
2023-01-19,12:57:00,0.4,0.4,0.3,0.4,51200,434850
2023-01-19,13:00:00,0.4,0.4,0.3,0.35,16150,430650
2023-01-19,13:03:00,0.35,0.4,0.35,0.35,2550,432500
2023-01-19,13:06:00,0.35,0.35,0.3,0.35,7900,431800
2023-01-19,13:09:00,0.35,0.35,0.3,0.35,11050,424350
2023-01-19,13:12:00,0.4,0.4,0.35,0.4,17600,424850
2023-01-19,13:15:00,0.4,0.4,0.3,0.3,34650,436200
2023-01-19,13:18:00,0.3,0.35,0.3,0.3,1700,422000
2023-01-19,13:21:00,0.3,0.3,0.3,0.3,4500,422600
2023-01-19,13:24:00,0.3,0.3,0.25,0.25,8000,419750
2023-01-19,13:27:00,0.25,0.3,0.25,0.25,1000,420750
2023-01-19,13:30:00,0.25,0.3,0.25,0.3,4100,420750
2023-01-19,13:33:00,0.3,0.3,0.25,0.3,2050,419700
2023-01-19,13:36:00,0.3,0.3,0.25,0.3,8800,420300
2023-01-19,13:39:00,0.3,0.3,0.2,0.2,6600,414650
2023-01-19,13:42:00,0.2,0.25,0.2,0.25,5050,414650
2023-01-19,13:45:00,0.25,0.25,0.2,0.2,3050,413000
2023-01-19,13:48:00,0.2,0.25,0.2,0.25,2250,413000
2023-01-19,13:51:00,0.25,0.25,0.2,0.25,6750,412950
2023-01-19,13:54:00,0.25,0.3,0.2,0.2,1650,415100
2023-01-19,13:57:00,0.2,0.3,0.2,0.25,350,415300
2023-01-19,14:00:00,0.25,0.25,0.2,0.2,2000,415200
2023-01-19,14:03:00,0.2,0.25,0.2,0.2,4750,414600
2023-01-19,14:06:00,0.2,0.25,0.2,0.25,1600,411800
2023-01-19,14:09:00,0.25,0.3,0.2,0.25,27250,412100
2023-01-19,14:12:00,0.25,0.25,0.2,0.2,3600,408750
2023-01-19,14:15:00,0.2,0.25,0.15,0.15,13650,407200
2023-01-19,14:18:00,0.15,0.2,0.15,0.15,17950,402150
2023-01-19,14:21:00,0.15,0.2,0.15,0.15,3250,399600
2023-01-19,14:24:00,0.15,0.2,0.15,0.15,20100,397250
2023-01-19,14:27:00,0.15,0.2,0.15,0.2,31500,385200
2023-01-19,14:30:00,0.2,0.2,0.15,0.15,10400,362950
2023-01-19,14:33:00,0.2,0.2,0.15,0.15,11700,362850
2023-01-19,14:36:00,0.15,0.2,0.15,0.15,8100,364000
2023-01-19,14:39:00,0.2,0.2,0.15,0.15,4100,366100
2023-01-19,14:42:00,0.15,0.2,0.15,0.15,8750,367000
2023-01-19,14:45:00,0.15,0.2,0.1,0.15,6300,370400
2023-01-19,14:48:00,0.15,0.2,0.1,0.15,16250,372450
2023-01-19,14:51:00,0.15,0.15,0.1,0.15,20300,357500
2023-01-19,14:54:00,0.1,0.15,0.1,0.15,8300,353500
2023-01-19,14:57:00,0.15,0.15,0.05,0.05,40800,348450
2023-01-19,15:00:00,0.05,0.1,0.05,0.1,15400,326250
2023-01-19,15:03:00,0.1,0.15,0.05,0.05,5750,322850
2023-01-19,15:06:00,0.05,0.1,0.05,0.1,51700,320600
2023-01-19,15:09:00,0.1,0.1,0.05,0.05,31250,293850
2023-01-19,15:12:00,0.05,0.05,0.05,0.05,6550,269350
2023-01-19,15:15:00,0.05,0.05,0.05,0.05,200,266850
2023-01-19,15:18:00,0.05,0.05,0.05,0.05,550,265050
2023-01-19,15:21:00,0.05,0.05,0.05,0.05,400,264500
2023-01-19,15:24:00,0.05,0.15,0.05,0.05,18100,263950
2023-01-19,15:27:00,0.05,0.05,0.05,0.05,0,251600
